image_name,label,confidence
s3_tree_345.tif,acacia,0.7103821039199829
s4_tree_147.tif,non_acacia,0.5091896057128906
s2_tree_020.tif,acacia,0.9992703795433044
s3_tree_423.tif,non_acacia,0.5833542943000793
s3_tree_437.tif,acacia,0.7734498977661133
s2_tree_034.tif,acacia,0.9984740614891052
s4_tree_153.tif,non_acacia,0.997082531452179
s3_tree_351.tif,non_acacia,0.9396248459815979
s3_tree_379.tif,non_acacia,0.9999779462814331
s2_tree_008.tif,acacia,0.9781171083450317
s3_tree_386.tif,acacia,0.9427262544631958
s1_tree_558.tif,non_acacia,0.9988603591918945
s3_tree_392.tif,acacia,0.9891218543052673
s1_tree_202.tif,non_acacia,0.990220308303833
s1_tree_564.tif,non_acacia,0.7877413630485535
s1_tree_570.tif,non_acacia,0.7156535387039185
s1_tree_216.tif,non_acacia,0.9999719858169556
s3_tree_621.tif,acacia,0.9996731281280518
s2_tree_222.tif,acacia,0.9999710321426392
s2_tree_544.tif,non_acacia,0.9838285446166992
s3_tree_147.tif,non_acacia,0.9954867959022522
s3_tree_153.tif,acacia,0.6447567939758301
s2_tree_550.tif,acacia,0.8386455774307251
s2_tree_236.tif,acacia,0.999666690826416
s2_tree_578.tif,non_acacia,0.6091969609260559
s3_tree_609.tif,non_acacia,0.9987443685531616
s3_tree_184.tif,acacia,0.9911182522773743
s2_tree_587.tif,non_acacia,0.9779497981071472
s2_tree_593.tif,non_acacia,0.9999735355377197
s1_tree_028.tif,acacia,0.9988693594932556
s3_tree_190.tif,acacia,0.9998748302459717
s1_tree_000.tif,acacia,0.9971615076065063
s1_tree_014.tif,acacia,0.8745626211166382
s2_tree_356.tif,non_acacia,0.9994295239448547
s2_tree_430.tif,non_acacia,0.9999140501022339
s3_tree_033.tif,non_acacia,0.9615352153778076
s3_tree_027.tif,non_acacia,0.9597128033638
s2_tree_424.tif,acacia,0.7154850959777832
s2_tree_342.tif,non_acacia,0.9999517202377319
s2_tree_418.tif,acacia,0.9836995601654053
s2_tree_395.tif,acacia,0.9998158812522888
s1_tree_148.tif,non_acacia,0.996678352355957
s2_tree_381.tif,acacia,0.9969946146011353
s1_tree_612.tif,non_acacia,0.9999147653579712
s1_tree_174.tif,acacia,0.9882621169090271
s1_tree_160.tif,acacia,0.6395247578620911
s1_tree_606.tif,acacia,0.9906598925590515
s3_tree_231.tif,non_acacia,0.8155754804611206
s2_tree_632.tif,acacia,0.996096670627594
s4_tree_033.tif,acacia,0.9314308762550354
s1_tree_389.tif,non_acacia,0.9978380799293518
s2_tree_154.tif,non_acacia,0.9994714856147766
s3_tree_557.tif,acacia,0.9443755745887756
s3_tree_543.tif,non_acacia,0.8160947561264038
s2_tree_140.tif,non_acacia,0.996880292892456
s2_tree_626.tif,acacia,0.9949860572814941
s4_tree_027.tif,acacia,0.9997093081474304
s3_tree_225.tif,acacia,0.6089564561843872
s2_tree_168.tif,acacia,0.9997110962867737
s3_tree_219.tif,non_acacia,0.7580159306526184
s3_tree_594.tif,acacia,0.9998548030853271
s2_tree_197.tif,non_acacia,0.9897050261497498
s1_tree_438.tif,non_acacia,0.9999104738235474
s2_tree_183.tif,non_acacia,0.9994291663169861
s3_tree_580.tif,non_acacia,0.9950240254402161
s1_tree_376.tif,non_acacia,0.9542912244796753
s1_tree_410.tif,non_acacia,0.9872168898582458
s1_tree_404.tif,non_acacia,0.9995248317718506
s1_tree_362.tif,non_acacia,0.9993959665298462
s1_tree_405.tif,acacia,0.9998503923416138
s1_tree_363.tif,acacia,0.9620577692985535
s1_tree_377.tif,acacia,0.8338953852653503
s1_tree_411.tif,non_acacia,0.9999054670333862
s3_tree_581.tif,non_acacia,0.9983568787574768
s2_tree_182.tif,non_acacia,0.9976181387901306
s1_tree_439.tif,non_acacia,0.9953741431236267
s2_tree_196.tif,non_acacia,0.9997492432594299
s3_tree_595.tif,non_acacia,0.5561389923095703
s3_tree_218.tif,acacia,0.9996435642242432
s2_tree_169.tif,acacia,0.6589280962944031
s2_tree_141.tif,non_acacia,0.9992913007736206
s3_tree_542.tif,non_acacia,0.9991536140441895
s3_tree_224.tif,acacia,0.9997022747993469
s4_tree_026.tif,acacia,0.9457384347915649
s2_tree_627.tif,non_acacia,0.9599788188934326
s1_tree_388.tif,acacia,0.9887825846672058
s4_tree_032.tif,acacia,0.9701976180076599
s2_tree_633.tif,non_acacia,0.9999438524246216
s3_tree_230.tif,acacia,0.8649263978004456
s3_tree_556.tif,acacia,0.7938843965530396
s2_tree_155.tif,non_acacia,0.9829972982406616
s1_tree_161.tif,non_acacia,0.9996763467788696
s1_tree_607.tif,non_acacia,0.9998157620429993
s1_tree_613.tif,non_acacia,0.9999433755874634
s1_tree_175.tif,non_acacia,0.9775843024253845
s2_tree_380.tif,acacia,0.8868075609207153
s2_tree_394.tif,acacia,0.9749592542648315
s1_tree_149.tif,non_acacia,0.9976847171783447
s2_tree_419.tif,non_acacia,0.999946117401123
s2_tree_425.tif,non_acacia,0.9534358382225037
s3_tree_026.tif,acacia,0.9571886658668518
s2_tree_343.tif,non_acacia,0.9998379945755005
s2_tree_357.tif,acacia,0.9969449639320374
s3_tree_032.tif,acacia,0.9987890124320984
s2_tree_431.tif,non_acacia,0.9997561573982239
s1_tree_015.tif,acacia,0.9955085515975952
s1_tree_001.tif,acacia,0.9827562570571899
s3_tree_191.tif,acacia,0.7017160058021545
s1_tree_029.tif,non_acacia,0.5875996351242065
s2_tree_592.tif,acacia,0.9990869760513306
s2_tree_586.tif,acacia,0.6563979387283325
s3_tree_185.tif,acacia,0.8642902970314026
s3_tree_608.tif,acacia,0.9990077614784241
s2_tree_579.tif,non_acacia,0.999438464641571
s2_tree_551.tif,non_acacia,0.9997830986976624
s3_tree_152.tif,non_acacia,0.6106299161911011
s2_tree_237.tif,non_acacia,0.9980692267417908
s2_tree_223.tif,acacia,0.9982099533081055
s3_tree_620.tif,acacia,0.9306415319442749
s3_tree_146.tif,acacia,0.5823027491569519
s2_tree_545.tif,acacia,0.9852734208106995
s1_tree_571.tif,acacia,0.9901328086853027
s1_tree_217.tif,acacia,0.9949216246604919
s1_tree_203.tif,non_acacia,0.9852535128593445
s1_tree_565.tif,non_acacia,0.998383641242981
s3_tree_393.tif,non_acacia,0.9235501885414124
s3_tree_387.tif,acacia,0.998372495174408
s1_tree_559.tif,non_acacia,0.9914074540138245
s2_tree_009.tif,acacia,0.9982116222381592
s3_tree_378.tif,acacia,0.9970887303352356
s2_tree_035.tif,non_acacia,0.999840259552002
s3_tree_436.tif,acacia,0.999198853969574
s3_tree_350.tif,non_acacia,0.5382581949234009
s4_tree_152.tif,non_acacia,0.9725944995880127
s4_tree_146.tif,non_acacia,0.8843823671340942
s3_tree_344.tif,non_acacia,0.9756120443344116
s3_tree_422.tif,non_acacia,0.9996159076690674
s2_tree_021.tif,acacia,0.8948821425437927
s4_tree_150.tif,acacia,0.6009663343429565
s3_tree_352.tif,acacia,0.791869580745697
s3_tree_434.tif,acacia,0.9926873445510864
s2_tree_037.tif,acacia,0.9986221790313721
s2_tree_023.tif,non_acacia,0.9700189232826233
s1_tree_598.tif,acacia,0.9980838298797607
s3_tree_420.tif,acacia,0.8561394214630127
s3_tree_346.tif,non_acacia,0.9921588897705078
s4_tree_144.tif,acacia,0.6244515180587769
s3_tree_408.tif,acacia,0.9177265763282776
s3_tree_391.tif,non_acacia,0.9978070855140686
s1_tree_229.tif,non_acacia,0.9241858124732971
s3_tree_385.tif,acacia,0.9494741559028625
s1_tree_215.tif,non_acacia,0.9992594122886658
s1_tree_573.tif,non_acacia,0.999800980091095
s1_tree_567.tif,non_acacia,0.9991601705551147
s1_tree_201.tif,non_acacia,0.9984452128410339
s2_tree_235.tif,non_acacia,0.9837697744369507
s3_tree_150.tif,non_acacia,0.8475739359855652
s2_tree_553.tif,non_acacia,0.9873706102371216
s2_tree_547.tif,acacia,0.9987937211990356
s3_tree_144.tif,non_acacia,0.9932742118835449
s3_tree_622.tif,non_acacia,0.9856553077697754
s2_tree_221.tif,acacia,0.9900686144828796
s2_tree_209.tif,acacia,0.9351596236228943
s3_tree_178.tif,acacia,0.9861325025558472
s2_tree_590.tif,non_acacia,0.6001044511795044
s3_tree_193.tif,non_acacia,0.9687522649765015
s3_tree_187.tif,acacia,0.9731989502906799
s2_tree_584.tif,non_acacia,0.9356549382209778
s1_tree_017.tif,acacia,0.9533538222312927
s1_tree_003.tif,non_acacia,0.5252317786216736
s2_tree_341.tif,non_acacia,0.5386342406272888
s3_tree_024.tif,acacia,0.996641993522644
s2_tree_427.tif,non_acacia,0.9859355688095093
s1_tree_188.tif,non_acacia,0.9947342872619629
s2_tree_433.tif,non_acacia,0.9990228414535522
s3_tree_030.tif,acacia,0.9521251320838928
s2_tree_355.tif,non_acacia,0.9987794756889343
s3_tree_018.tif,acacia,0.9825654029846191
s2_tree_369.tif,non_acacia,0.9996985197067261
s2_tree_382.tif,non_acacia,0.899723470211029
s1_tree_639.tif,acacia,0.6363644599914551
s2_tree_396.tif,acacia,0.9999716281890869
s1_tree_605.tif,non_acacia,0.8124713897705078
s1_tree_163.tif,non_acacia,0.9994373917579651
s1_tree_177.tif,acacia,0.9846018552780151
s1_tree_611.tif,acacia,0.9363521933555603
s2_tree_625.tif,non_acacia,0.99901282787323
s4_tree_024.tif,acacia,0.9995750784873962
s3_tree_226.tif,non_acacia,0.9375433325767517
s3_tree_540.tif,non_acacia,0.9413188099861145
s2_tree_143.tif,non_acacia,0.9997325539588928
s2_tree_157.tif,non_acacia,0.9999548196792603
s3_tree_554.tif,non_acacia,0.9990106821060181
s3_tree_232.tif,non_acacia,0.9961352348327637
s2_tree_631.tif,non_acacia,0.9305341243743896
s4_tree_030.tif,non_acacia,0.5739704966545105
s2_tree_619.tif,acacia,0.6274802088737488
s4_tree_018.tif,non_acacia,0.7438830137252808
s3_tree_568.tif,acacia,0.9997482895851135
s2_tree_180.tif,acacia,0.9986534118652344
s3_tree_583.tif,non_acacia,0.9776932597160339
s3_tree_597.tif,non_acacia,0.9997134804725647
s2_tree_194.tif,non_acacia,0.9977587461471558
s1_tree_349.tif,acacia,0.9938035011291504
s1_tree_361.tif,non_acacia,0.9775189161300659
s1_tree_407.tif,non_acacia,0.9920169115066528
s1_tree_413.tif,non_acacia,0.9965242743492126
s1_tree_375.tif,acacia,0.5842351317405701
s1_tree_412.tif,non_acacia,0.999594509601593
s1_tree_374.tif,acacia,0.7802516222000122
s1_tree_360.tif,acacia,0.9744307994842529
s1_tree_406.tif,non_acacia,0.9973015189170837
s2_tree_195.tif,non_acacia,0.9998964071273804
s3_tree_596.tif,acacia,0.9999121427536011
s1_tree_348.tif,non_acacia,0.9999510049819946
s3_tree_582.tif,non_acacia,0.9097643494606018
s2_tree_181.tif,non_acacia,0.9807838797569275
s3_tree_569.tif,acacia,0.7760136127471924
s4_tree_019.tif,acacia,0.999935507774353
s2_tree_618.tif,non_acacia,0.9802104830741882
s3_tree_555.tif,non_acacia,0.9747940897941589
s2_tree_156.tif,non_acacia,0.9758318662643433
s4_tree_031.tif,acacia,0.7658336758613586
s2_tree_630.tif,acacia,0.9947968125343323
s3_tree_233.tif,acacia,0.8995755910873413
s3_tree_227.tif,non_acacia,0.9919398427009583
s4_tree_025.tif,non_acacia,0.9563426971435547
s2_tree_624.tif,non_acacia,0.9771933555603027
s2_tree_142.tif,non_acacia,0.9997416138648987
s3_tree_541.tif,non_acacia,0.5564692616462708
s1_tree_176.tif,non_acacia,0.9999803304672241
s1_tree_610.tif,acacia,0.9994840621948242
s1_tree_604.tif,acacia,0.9065949320793152
s1_tree_162.tif,non_acacia,0.9984024167060852
s2_tree_397.tif,acacia,0.9995551705360413
s1_tree_638.tif,non_acacia,0.9886282086372375
s2_tree_383.tif,non_acacia,0.9755949378013611
s2_tree_368.tif,non_acacia,0.9994863271713257
s3_tree_019.tif,non_acacia,0.8315680027008057
s3_tree_031.tif,acacia,0.8486897945404053
s2_tree_432.tif,acacia,0.5678985118865967
s1_tree_189.tif,non_acacia,0.9999750852584839
s2_tree_354.tif,non_acacia,0.9999405145645142
s2_tree_340.tif,non_acacia,0.9949243068695068
s2_tree_426.tif,non_acacia,0.9994300007820129
s3_tree_025.tif,acacia,0.9949823021888733
s1_tree_002.tif,acacia,0.8841909766197205
s1_tree_016.tif,non_acacia,0.9989945292472839
s2_tree_585.tif,non_acacia,0.9988440275192261
s3_tree_186.tif,non_acacia,0.9879859089851379
s3_tree_192.tif,acacia,0.9973558187484741
s2_tree_591.tif,non_acacia,0.7784038782119751
s3_tree_179.tif,acacia,0.9951377511024475
s2_tree_208.tif,acacia,0.7970003485679626
s3_tree_145.tif,non_acacia,0.8160487413406372
s2_tree_546.tif,non_acacia,0.999956488609314
s2_tree_220.tif,non_acacia,0.9996373653411865
s3_tree_623.tif,acacia,0.9324838519096375
s2_tree_234.tif,non_acacia,0.9998940229415894
s2_tree_552.tif,acacia,0.9991794228553772
s3_tree_151.tif,non_acacia,0.8437789082527161
s1_tree_566.tif,non_acacia,0.9295288920402527
s1_tree_200.tif,non_acacia,0.9995936751365662
s1_tree_214.tif,non_acacia,0.9952129125595093
s1_tree_572.tif,acacia,0.7174598574638367
s3_tree_384.tif,acacia,0.9984096884727478
s1_tree_228.tif,non_acacia,0.9772768020629883
s3_tree_390.tif,acacia,0.9968223571777344
s3_tree_409.tif,acacia,0.995418906211853
s3_tree_421.tif,acacia,0.999886155128479
s1_tree_599.tif,acacia,0.9958088397979736
s2_tree_022.tif,non_acacia,0.9833987951278687
s4_tree_145.tif,acacia,0.9983922839164734
s3_tree_347.tif,acacia,0.944635272026062
s3_tree_353.tif,acacia,0.6490781903266907
s4_tree_151.tif,acacia,0.9494295716285706
s2_tree_036.tif,non_acacia,0.9995177984237671
s3_tree_435.tif,acacia,0.785392165184021
s4_tree_169.tif,acacia,0.9997904896736145
s3_tree_419.tif,acacia,0.8077462315559387
s3_tree_431.tif,acacia,0.9958959817886353
s1_tree_589.tif,acacia,0.9981858134269714
s2_tree_032.tif,acacia,0.9663580060005188
s4_tree_155.tif,non_acacia,0.8175938725471497
s3_tree_357.tif,non_acacia,0.9995848536491394
s3_tree_343.tif,non_acacia,0.9920499920845032
s4_tree_141.tif,acacia,0.9875797629356384
s2_tree_026.tif,non_acacia,0.681975245475769
s3_tree_425.tif,acacia,0.9975401163101196
s1_tree_576.tif,non_acacia,0.999809205532074
s1_tree_210.tif,acacia,0.9990047812461853
s1_tree_204.tif,non_acacia,0.9991017580032349
s1_tree_562.tif,non_acacia,0.9852465391159058
s3_tree_394.tif,acacia,0.9889599084854126
s1_tree_238.tif,non_acacia,0.9685709476470947
s3_tree_380.tif,acacia,0.9479514360427856
s3_tree_169.tif,acacia,0.981870174407959
s2_tree_218.tif,non_acacia,0.9998681545257568
s3_tree_155.tif,acacia,0.8545545339584351
s2_tree_556.tif,non_acacia,0.998011589050293
s2_tree_230.tif,non_acacia,0.999847412109375
s3_tree_627.tif,non_acacia,0.9904256463050842
s2_tree_224.tif,acacia,0.9999632835388184
s2_tree_542.tif,acacia,0.6447367668151855
s3_tree_141.tif,acacia,0.9965038299560547
s1_tree_012.tif,non_acacia,0.9961573481559753
s1_tree_006.tif,acacia,0.9998026490211487
s2_tree_595.tif,acacia,0.9998351335525513
s3_tree_196.tif,acacia,0.873399555683136
s3_tree_182.tif,non_acacia,0.6510217189788818
s2_tree_581.tif,non_acacia,0.9999748468399048
s2_tree_378.tif,non_acacia,0.9999686479568481
s3_tree_009.tif,non_acacia,0.9961110949516296
s3_tree_021.tif,non_acacia,0.5794064998626709
s2_tree_422.tif,acacia,0.9624138474464417
s1_tree_199.tif,non_acacia,0.9984862804412842
s2_tree_344.tif,non_acacia,0.988482654094696
s2_tree_350.tif,non_acacia,0.9997761845588684
s2_tree_436.tif,non_acacia,0.9987189769744873
s3_tree_035.tif,non_acacia,0.7832184433937073
s1_tree_166.tif,non_acacia,0.99955815076828
s1_tree_600.tif,non_acacia,0.999529242515564
s1_tree_614.tif,acacia,0.9555516242980957
s1_tree_172.tif,non_acacia,0.9997658133506775
s2_tree_387.tif,acacia,0.9618847966194153
s1_tree_628.tif,non_acacia,0.9995601773262024
s2_tree_393.tif,acacia,0.9998227953910828
s3_tree_579.tif,non_acacia,0.8498535752296448
s4_tree_009.tif,non_acacia,0.9549395442008972
s2_tree_608.tif,acacia,0.9401465654373169
s3_tree_545.tif,acacia,0.9783586859703064
s2_tree_146.tif,acacia,0.76756352186203
s4_tree_021.tif,acacia,0.9983828067779541
s2_tree_620.tif,non_acacia,0.8376358151435852
s3_tree_223.tif,non_acacia,0.999992847442627
s3_tree_237.tif,acacia,0.8292384147644043
s4_tree_035.tif,acacia,0.9998787641525269
s2_tree_634.tif,non_acacia,0.9999872446060181
s2_tree_152.tif,non_acacia,0.9452225565910339
s3_tree_551.tif,acacia,0.9733957648277283
s1_tree_402.tif,non_acacia,0.9999572038650513
s1_tree_364.tif,non_acacia,0.9989508390426636
s1_tree_370.tif,non_acacia,0.9997829794883728
s1_tree_416.tif,non_acacia,0.9999711513519287
s2_tree_185.tif,non_acacia,0.9996373653411865
s3_tree_586.tif,acacia,0.9732940196990967
s1_tree_358.tif,non_acacia,0.9960158467292786
s3_tree_592.tif,non_acacia,0.9947432279586792
s2_tree_191.tif,acacia,0.9735532402992249
s2_tree_190.tif,non_acacia,0.9933451414108276
s3_tree_593.tif,acacia,0.9984164237976074
s3_tree_587.tif,non_acacia,0.9771113991737366
s2_tree_184.tif,non_acacia,0.9981822967529297
s1_tree_359.tif,acacia,0.7597436904907227
s1_tree_371.tif,non_acacia,0.9831854701042175
s1_tree_417.tif,non_acacia,0.9999399185180664
s1_tree_403.tif,non_acacia,0.999990701675415
s1_tree_365.tif,non_acacia,0.9997542500495911
s2_tree_635.tif,non_acacia,0.7729237079620361
s4_tree_034.tif,acacia,0.9999369382858276
s3_tree_236.tif,acacia,0.998637855052948
s3_tree_550.tif,non_acacia,0.986858606338501
s2_tree_153.tif,non_acacia,0.9998892545700073
s2_tree_147.tif,non_acacia,0.9978792667388916
s3_tree_544.tif,non_acacia,0.999847412109375
s3_tree_222.tif,acacia,0.9716222882270813
s2_tree_621.tif,non_acacia,0.9995898604393005
s4_tree_020.tif,non_acacia,0.9828450679779053
s2_tree_609.tif,non_acacia,0.9251270294189453
s4_tree_008.tif,acacia,0.9999488592147827
s3_tree_578.tif,acacia,0.980748176574707
s2_tree_392.tif,acacia,0.9793049693107605
s1_tree_629.tif,non_acacia,0.7885076403617859
s2_tree_386.tif,non_acacia,0.9818331599235535
s1_tree_615.tif,non_acacia,0.999616265296936
s1_tree_173.tif,non_acacia,0.9986779093742371
s1_tree_167.tif,non_acacia,0.9995337724685669
s1_tree_601.tif,acacia,0.9972375631332397
s2_tree_351.tif,non_acacia,0.725111722946167
s3_tree_034.tif,non_acacia,0.9968600273132324
s2_tree_437.tif,non_acacia,0.8906933665275574
s1_tree_198.tif,non_acacia,0.9990062117576599
s2_tree_423.tif,non_acacia,0.9997537732124329
s3_tree_020.tif,non_acacia,0.991454005241394
s2_tree_345.tif,non_acacia,0.9998965263366699
s3_tree_008.tif,non_acacia,0.5546509623527527
s2_tree_379.tif,non_acacia,0.5602837204933167
s2_tree_580.tif,non_acacia,0.9550446271896362
s3_tree_183.tif,non_acacia,0.9931707382202148
s3_tree_197.tif,non_acacia,0.8845838904380798
s2_tree_594.tif,non_acacia,0.9200700521469116
s1_tree_007.tif,non_acacia,0.7295589447021484
s1_tree_013.tif,acacia,0.9898704886436462
s2_tree_225.tif,acacia,0.9877780079841614
s3_tree_626.tif,non_acacia,0.9430999159812927
s3_tree_140.tif,acacia,0.7848774790763855
s2_tree_543.tif,acacia,0.9974108338356018
s2_tree_557.tif,acacia,0.9980354905128479
s3_tree_154.tif,acacia,0.9979878664016724
s2_tree_231.tif,non_acacia,0.9999465942382812
s2_tree_219.tif,acacia,0.9960387945175171
s3_tree_168.tif,non_acacia,0.7901195883750916
s3_tree_381.tif,acacia,0.9829117059707642
s1_tree_239.tif,non_acacia,0.9992015957832336
s3_tree_395.tif,acacia,0.6616265773773193
s1_tree_205.tif,non_acacia,0.8457980155944824
s1_tree_563.tif,non_acacia,0.99952232837677
s1_tree_577.tif,non_acacia,0.9993649125099182
s1_tree_211.tif,non_acacia,0.9998862743377686
s4_tree_140.tif,acacia,0.9541928768157959
s3_tree_342.tif,acacia,0.9754133820533752
s3_tree_424.tif,acacia,0.845661461353302
s2_tree_027.tif,acacia,0.9904030561447144
s2_tree_033.tif,acacia,0.772810697555542
s1_tree_588.tif,acacia,0.6389181613922119
s3_tree_430.tif,non_acacia,0.9998683929443359
s3_tree_356.tif,acacia,0.6483435034751892
s4_tree_154.tif,non_acacia,0.5587661266326904
s3_tree_418.tif,non_acacia,0.9930967688560486
s4_tree_168.tif,non_acacia,0.9996325969696045
s2_tree_019.tif,non_acacia,0.996454119682312
s3_tree_368.tif,non_acacia,0.8965840339660645
s2_tree_025.tif,acacia,0.9915687441825867
s3_tree_426.tif,non_acacia,0.9447569251060486
s3_tree_340.tif,acacia,0.9757339358329773
s4_tree_142.tif,acacia,0.9895161390304565
s4_tree_156.tif,non_acacia,0.9743278622627258
s3_tree_354.tif,non_acacia,0.9979409575462341
s3_tree_432.tif,acacia,0.9992665648460388
s2_tree_031.tif,non_acacia,0.9999760389328003
s1_tree_561.tif,non_acacia,0.9996254444122314
s1_tree_207.tif,non_acacia,0.9996058344841003
s1_tree_213.tif,non_acacia,0.9972924590110779
s1_tree_575.tif,non_acacia,0.9933985471725464
s3_tree_383.tif,non_acacia,0.9994553923606873
s3_tree_397.tif,acacia,0.9959976673126221
s1_tree_549.tif,non_acacia,0.993623673915863
s3_tree_618.tif,acacia,0.9997661709785461
s2_tree_569.tif,acacia,0.9998247027397156
s2_tree_541.tif,non_acacia,0.8144654631614685
s3_tree_142.tif,non_acacia,0.9791505336761475
s3_tree_624.tif,acacia,0.9991322159767151
s2_tree_227.tif,non_acacia,0.999291181564331
s2_tree_233.tif,acacia,0.9998098015785217
s3_tree_156.tif,acacia,0.7374120950698853
s2_tree_555.tif,non_acacia,0.999098539352417
s1_tree_005.tif,non_acacia,0.9885365962982178
s1_tree_011.tif,acacia,0.695034384727478
s3_tree_181.tif,acacia,0.8490999341011047
s1_tree_039.tif,non_acacia,0.8253474831581116
s2_tree_582.tif,non_acacia,0.9928255081176758
s2_tree_596.tif,acacia,0.5885236859321594
s3_tree_195.tif,acacia,0.7289246320724487
s2_tree_409.tif,acacia,0.958667516708374
s2_tree_435.tif,non_acacia,0.8199335336685181
s3_tree_036.tif,acacia,0.9882837533950806
s2_tree_353.tif,non_acacia,0.9999833106994629
s2_tree_347.tif,non_acacia,0.9999706745147705
s3_tree_022.tif,acacia,0.9964975714683533
s2_tree_421.tif,acacia,0.6478563547134399
s1_tree_171.tif,non_acacia,0.9994474053382874
s1_tree_617.tif,non_acacia,0.560615599155426
s1_tree_603.tif,acacia,0.9997771382331848
s1_tree_165.tif,non_acacia,0.9998852014541626
s2_tree_390.tif,acacia,0.9995145797729492
s2_tree_384.tif,non_acacia,0.9922365546226501
s1_tree_159.tif,non_acacia,0.9967490434646606
s3_tree_208.tif,acacia,0.9924069046974182
s2_tree_179.tif,non_acacia,0.9891743659973145
s2_tree_151.tif,acacia,0.8605765700340271
s3_tree_552.tif,acacia,0.8951354622840881
s3_tree_234.tif,acacia,0.9974669218063354
s4_tree_036.tif,acacia,0.9998571872711182
s2_tree_637.tif,non_acacia,0.9783996939659119
s1_tree_398.tif,acacia,0.9158291816711426
s4_tree_022.tif,acacia,0.9995430707931519
s2_tree_623.tif,non_acacia,0.9699263572692871
s3_tree_220.tif,acacia,0.9990414977073669
s3_tree_546.tif,non_acacia,0.9287107586860657
s2_tree_145.tif,acacia,0.988751232624054
s1_tree_415.tif,non_acacia,0.9997672438621521
s1_tree_373.tif,non_acacia,0.9941486120223999
s1_tree_367.tif,acacia,0.9961955547332764
s1_tree_401.tif,acacia,0.9970847964286804
s3_tree_591.tif,non_acacia,0.998610258102417
s2_tree_192.tif,non_acacia,0.9390915632247925
s1_tree_429.tif,non_acacia,0.9999294281005859
s2_tree_186.tif,acacia,0.9964033365249634
s3_tree_585.tif,non_acacia,0.8251875042915344
s3_tree_584.tif,non_acacia,0.9999874830245972
s2_tree_187.tif,non_acacia,0.9999810457229614
s1_tree_428.tif,acacia,0.9833866953849792
s2_tree_193.tif,non_acacia,0.8973299264907837
s3_tree_590.tif,non_acacia,0.9965283274650574
s1_tree_366.tif,non_acacia,0.9987778067588806
s1_tree_400.tif,non_acacia,0.978452742099762
s1_tree_414.tif,non_acacia,0.8744797706604004
s1_tree_372.tif,non_acacia,0.9997106194496155
s3_tree_221.tif,acacia,0.998625636100769
s2_tree_622.tif,non_acacia,0.7385753989219666
s4_tree_023.tif,acacia,0.999596893787384
s1_tree_399.tif,non_acacia,0.9927377104759216
s2_tree_144.tif,acacia,0.9100093245506287
s3_tree_547.tif,acacia,0.9876130819320679
s3_tree_553.tif,acacia,0.9963268637657166
s2_tree_150.tif,non_acacia,0.9998979568481445
s2_tree_636.tif,non_acacia,0.9997453093528748
s4_tree_037.tif,acacia,0.99996018409729
s3_tree_235.tif,acacia,0.9179109334945679
s2_tree_178.tif,non_acacia,0.9646109342575073
s3_tree_209.tif,acacia,0.5250982642173767
s2_tree_385.tif,non_acacia,0.9992689490318298
s1_tree_158.tif,acacia,0.9988428354263306
s2_tree_391.tif,acacia,0.9994645714759827
s1_tree_602.tif,acacia,0.9992249011993408
s1_tree_164.tif,non_acacia,0.999951958656311
s1_tree_170.tif,non_acacia,0.9977787137031555
s1_tree_616.tif,non_acacia,0.9996310472488403
s2_tree_346.tif,non_acacia,0.9876075387001038
s2_tree_420.tif,non_acacia,0.999871015548706
s3_tree_023.tif,acacia,0.7318331599235535
s3_tree_037.tif,acacia,0.9666855335235596
s2_tree_434.tif,non_acacia,0.9999960660934448
s2_tree_352.tif,non_acacia,0.9213042855262756
s2_tree_408.tif,acacia,0.9995843768119812
s3_tree_194.tif,acacia,0.6609129309654236
s2_tree_597.tif,non_acacia,0.9995808005332947
s2_tree_583.tif,non_acacia,0.9999262094497681
s1_tree_038.tif,non_acacia,0.9999626874923706
s3_tree_180.tif,acacia,0.6048922538757324
s1_tree_010.tif,acacia,0.9928160905838013
s1_tree_004.tif,acacia,0.9694706797599792
s2_tree_232.tif,acacia,0.9830155968666077
s2_tree_554.tif,non_acacia,0.8945721387863159
s3_tree_157.tif,non_acacia,0.9979508519172668
s3_tree_143.tif,non_acacia,0.6341965794563293
s2_tree_540.tif,acacia,0.9980436563491821
s2_tree_226.tif,acacia,0.999648928642273
s3_tree_625.tif,non_acacia,0.9978443384170532
s2_tree_568.tif,acacia,0.9981695413589478
s3_tree_619.tif,acacia,0.97918701171875
s3_tree_396.tif,acacia,0.987835705280304
s1_tree_548.tif,non_acacia,0.9991486072540283
s3_tree_382.tif,acacia,0.9948133230209351
s1_tree_212.tif,non_acacia,0.9999551773071289
s1_tree_574.tif,non_acacia,0.9998946189880371
s1_tree_560.tif,non_acacia,0.6717057824134827
s1_tree_206.tif,non_acacia,0.9922990202903748
s3_tree_355.tif,acacia,0.63124018907547
s4_tree_157.tif,acacia,0.9976900815963745
s2_tree_030.tif,acacia,0.9947637319564819
s3_tree_433.tif,non_acacia,0.997412383556366
s3_tree_427.tif,acacia,0.7554439306259155
s2_tree_024.tif,acacia,0.9589251279830933
s4_tree_143.tif,acacia,0.9994809031486511
s3_tree_341.tif,acacia,0.8683345317840576
s3_tree_369.tif,acacia,0.9885249733924866
s2_tree_018.tif,acacia,0.9993625283241272
s3_tree_440.tif,non_acacia,0.9644017815589905
s2_tree_043.tif,acacia,0.9976000189781189
s4_tree_124.tif,non_acacia,0.8192172050476074
s3_tree_326.tif,acacia,0.7697281837463379
s3_tree_332.tif,acacia,0.9902172088623047
s4_tree_130.tif,non_acacia,0.9597890377044678
s2_tree_057.tif,acacia,0.9977996945381165
s3_tree_454.tif,non_acacia,0.9941095113754272
s4_tree_118.tif,acacia,0.9446921348571777
s3_tree_468.tif,non_acacia,0.9946253895759583
s2_tree_080.tif,acacia,0.9992375373840332
s3_tree_483.tif,acacia,0.9997569918632507
s1_tree_249.tif,acacia,0.9963330030441284
s3_tree_497.tif,acacia,0.9907467365264893
s2_tree_094.tif,non_acacia,0.948855459690094
s1_tree_507.tif,non_acacia,0.990029513835907
s1_tree_261.tif,acacia,0.5303950309753418
s1_tree_275.tif,acacia,0.9955989122390747
s1_tree_513.tif,non_acacia,0.9998346567153931
s3_tree_124.tif,acacia,0.9576289057731628
s2_tree_527.tif,non_acacia,0.9814799427986145
s2_tree_241.tif,non_acacia,0.993030846118927
s2_tree_255.tif,acacia,0.9960237741470337
s2_tree_533.tif,acacia,0.9828817844390869
s1_tree_088.tif,non_acacia,0.9994962215423584
s3_tree_130.tif,non_acacia,0.5894214510917664
s3_tree_118.tif,acacia,0.9988710284233093
s2_tree_269.tif,non_acacia,0.8035430908203125
s2_tree_282.tif,non_acacia,0.8322654962539673
s2_tree_296.tif,non_acacia,0.9584600329399109
s1_tree_063.tif,acacia,0.925809383392334
s1_tree_077.tif,acacia,0.5907012820243835
s3_tree_050.tif,acacia,0.9701008796691895
s2_tree_453.tif,acacia,0.9999662637710571
s2_tree_335.tif,acacia,0.7702990770339966
s2_tree_321.tif,non_acacia,0.5431202054023743
s2_tree_447.tif,non_acacia,0.9823586344718933
s3_tree_044.tif,non_acacia,0.9995842576026917
s2_tree_309.tif,acacia,0.9991497993469238
s3_tree_078.tif,non_acacia,0.9845304489135742
s2_tree_490.tif,non_acacia,0.7366616129875183
s3_tree_093.tif,acacia,0.995677649974823
s3_tree_087.tif,acacia,0.9993088245391846
s2_tree_484.tif,non_acacia,0.8660678863525391
s1_tree_117.tif,acacia,0.996653139591217
s1_tree_103.tif,acacia,0.9998816251754761
s3_tree_534.tif,acacia,0.9995158910751343
s2_tree_137.tif,non_acacia,0.9983927607536316
s2_tree_651.tif,acacia,0.8868087530136108
s4_tree_050.tif,acacia,0.9346480965614319
s3_tree_252.tif,non_acacia,0.9890620112419128
s3_tree_246.tif,acacia,0.9676133990287781
s2_tree_645.tif,non_acacia,0.9894084930419922
s4_tree_044.tif,acacia,0.9828292727470398
s1_tree_498.tif,non_acacia,0.9999538660049438
s2_tree_123.tif,acacia,0.9943477511405945
s3_tree_520.tif,acacia,0.6519383192062378
s3_tree_508.tif,acacia,0.9825719594955444
s2_tree_679.tif,non_acacia,0.9844842553138733
s4_tree_078.tif,non_acacia,0.9296553134918213
s3_tree_291.tif,acacia,0.9868940114974976
s2_tree_692.tif,non_acacia,0.9990472197532654
s4_tree_093.tif,acacia,0.9988918900489807
s1_tree_329.tif,non_acacia,0.9869751930236816
s2_tree_686.tif,acacia,0.993905246257782
s4_tree_087.tif,acacia,0.968572735786438
s3_tree_285.tif,acacia,0.943045437335968
s1_tree_473.tif,acacia,0.9978389143943787
s1_tree_315.tif,non_acacia,0.9998475313186646
s1_tree_301.tif,non_acacia,0.9999200105667114
s1_tree_467.tif,non_acacia,0.9978647828102112
s1_tree_300.tif,acacia,0.68131422996521
s1_tree_466.tif,non_acacia,0.8293179869651794
s1_tree_472.tif,acacia,0.6832396984100342
s1_tree_314.tif,non_acacia,0.8569117188453674
s3_tree_284.tif,acacia,0.995155930519104
s4_tree_086.tif,non_acacia,0.6142120361328125
s2_tree_687.tif,non_acacia,0.6806650161743164
s1_tree_328.tif,non_acacia,0.9995512366294861
s4_tree_092.tif,non_acacia,0.9973365664482117
s2_tree_693.tif,non_acacia,0.8226523399353027
s3_tree_290.tif,acacia,0.9991208910942078
s4_tree_079.tif,acacia,0.9995312690734863
s2_tree_678.tif,acacia,0.93769770860672
s3_tree_509.tif,non_acacia,0.9996469020843506
s4_tree_045.tif,acacia,0.9964354038238525
s2_tree_644.tif,acacia,0.9994425177574158
s3_tree_247.tif,non_acacia,0.9973064661026001
s3_tree_521.tif,acacia,0.6394361257553101
s2_tree_122.tif,non_acacia,0.830116868019104
s1_tree_499.tif,non_acacia,0.9993728995323181
s2_tree_136.tif,acacia,0.9998987913131714
s3_tree_535.tif,acacia,0.8545452952384949
s3_tree_253.tif,acacia,0.9920712113380432
s4_tree_051.tif,non_acacia,0.9891307353973389
s2_tree_650.tif,non_acacia,0.7962852120399475
s1_tree_102.tif,acacia,0.9804958701133728
s1_tree_116.tif,non_acacia,0.999885082244873
s2_tree_485.tif,acacia,0.9998724460601807
s3_tree_086.tif,acacia,0.8226926922798157
s3_tree_092.tif,acacia,0.5438365936279297
s2_tree_491.tif,non_acacia,0.9967356324195862
s3_tree_079.tif,non_acacia,0.6315611004829407
s2_tree_308.tif,non_acacia,0.8531733155250549
s2_tree_320.tif,non_acacia,0.9860279560089111
s3_tree_045.tif,non_acacia,0.9995811581611633
s2_tree_446.tif,non_acacia,0.9979972243309021
s2_tree_452.tif,acacia,0.9892527461051941
s3_tree_051.tif,non_acacia,0.9996267557144165
s2_tree_334.tif,acacia,0.9635851383209229
s1_tree_076.tif,acacia,0.9461565613746643
s1_tree_062.tif,non_acacia,0.9921008944511414
s2_tree_297.tif,acacia,0.7863173484802246
s2_tree_283.tif,non_acacia,0.9990691542625427
s2_tree_268.tif,non_acacia,0.6664376258850098
s3_tree_119.tif,acacia,0.9131096601486206
s2_tree_254.tif,non_acacia,0.9991449117660522
s3_tree_131.tif,non_acacia,0.9816032648086548
s1_tree_089.tif,non_acacia,0.9890128374099731
s2_tree_532.tif,non_acacia,0.8901241421699524
s2_tree_526.tif,acacia,0.9324682354927063
s3_tree_125.tif,acacia,0.9925191402435303
s2_tree_240.tif,acacia,0.9988265633583069
s1_tree_274.tif,non_acacia,0.9996401071548462
s1_tree_512.tif,acacia,0.8562823534011841
s1_tree_506.tif,non_acacia,0.9990376234054565
s1_tree_260.tif,non_acacia,0.999734103679657
s1_tree_248.tif,non_acacia,0.9999277591705322
s2_tree_095.tif,acacia,0.9834301471710205
s3_tree_496.tif,non_acacia,0.5741893649101257
s3_tree_482.tif,acacia,0.9982798099517822
s2_tree_081.tif,acacia,0.9999443292617798
s3_tree_469.tif,acacia,0.9999629259109497
s4_tree_119.tif,acacia,0.9990812540054321
s4_tree_131.tif,acacia,0.9686764478683472
s3_tree_333.tif,acacia,0.9985313415527344
s3_tree_455.tif,non_acacia,0.9968731999397278
s2_tree_056.tif,acacia,0.9915891289710999
s2_tree_042.tif,acacia,0.9009381532669067
s3_tree_441.tif,acacia,0.9929660558700562
s3_tree_327.tif,non_acacia,0.8921329975128174
s4_tree_125.tif,acacia,0.9992765784263611
s2_tree_054.tif,acacia,0.9985931515693665
s3_tree_457.tif,non_acacia,0.9975378513336182
s3_tree_331.tif,acacia,0.9926867485046387
s1_tree_289.tif,non_acacia,0.9991440773010254
s4_tree_133.tif,non_acacia,0.8319600224494934
s4_tree_127.tif,acacia,0.9873818755149841
s3_tree_325.tif,non_acacia,0.9990814924240112
s3_tree_443.tif,acacia,0.59429532289505
s2_tree_040.tif,acacia,0.9584379196166992
s2_tree_068.tif,acacia,0.9598698616027832
s3_tree_319.tif,acacia,0.991034209728241
s3_tree_494.tif,acacia,0.9987199306488037
s2_tree_097.tif,non_acacia,0.9991828799247742
s2_tree_083.tif,acacia,0.9872522354125977
s1_tree_538.tif,non_acacia,0.9995680451393127
s3_tree_480.tif,acacia,0.7962771058082581
s1_tree_510.tif,non_acacia,0.9920065999031067
s1_tree_276.tif,non_acacia,0.9996211528778076
s1_tree_262.tif,non_acacia,0.993990957736969
s1_tree_504.tif,non_acacia,0.995590329170227
s2_tree_530.tif,acacia,0.9933792352676392
s3_tree_133.tif,non_acacia,0.6850526928901672
s2_tree_256.tif,non_acacia,0.9995007514953613
s2_tree_242.tif,acacia,0.9923034906387329
s3_tree_127.tif,acacia,0.9951741099357605
s2_tree_524.tif,acacia,0.9738151431083679
s2_tree_518.tif,non_acacia,0.9945513606071472
s1_tree_048.tif,non_acacia,0.9986380934715271
s2_tree_295.tif,acacia,0.981098473072052
s2_tree_281.tif,non_acacia,0.9975593090057373
s1_tree_074.tif,acacia,0.9989811778068542
s1_tree_060.tif,non_acacia,0.9990731477737427
s2_tree_444.tif,acacia,0.654855489730835
s3_tree_047.tif,non_acacia,0.8831363916397095
s2_tree_322.tif,non_acacia,0.7769663333892822
s2_tree_336.tif,non_acacia,0.5635530352592468
s3_tree_053.tif,non_acacia,0.9858814477920532
s2_tree_450.tif,non_acacia,0.7887657284736633
s2_tree_478.tif,non_acacia,0.9992086291313171
s3_tree_084.tif,acacia,0.9948585033416748
s2_tree_487.tif,non_acacia,0.998913049697876
s1_tree_128.tif,non_acacia,0.9999568462371826
s2_tree_493.tif,non_acacia,0.8369055986404419
s3_tree_090.tif,non_acacia,0.7873349785804749
s1_tree_100.tif,acacia,0.9767433404922485
s1_tree_114.tif,non_acacia,0.8467207551002502
s2_tree_120.tif,non_acacia,0.9998613595962524
s3_tree_523.tif,acacia,0.984355092048645
s3_tree_245.tif,acacia,0.9992949962615967
s2_tree_646.tif,non_acacia,0.9292190670967102
s4_tree_047.tif,acacia,0.9947628378868103
s2_tree_652.tif,non_acacia,0.9993699193000793
s4_tree_053.tif,acacia,0.9893475770950317
s3_tree_251.tif,acacia,0.9946243166923523
s3_tree_537.tif,acacia,0.9994286894798279
s2_tree_134.tif,non_acacia,0.9843683838844299
s3_tree_279.tif,non_acacia,0.7623339891433716
s2_tree_108.tif,acacia,0.6914137601852417
s1_tree_458.tif,acacia,0.9974179267883301
s2_tree_685.tif,non_acacia,0.9909065961837769
s4_tree_084.tif,non_acacia,0.9975703358650208
s3_tree_286.tif,non_acacia,0.9999991655349731
s3_tree_292.tif,acacia,0.9362602233886719
s2_tree_691.tif,non_acacia,0.9996956586837769
s4_tree_090.tif,acacia,0.9973264932632446
s1_tree_464.tif,acacia,0.9914092421531677
s1_tree_302.tif,non_acacia,0.999874472618103
s1_tree_316.tif,non_acacia,0.9999288320541382
s1_tree_470.tif,non_acacia,0.9984242916107178
s1_tree_317.tif,non_acacia,0.9995335340499878
s1_tree_471.tif,non_acacia,0.9994720816612244
s1_tree_465.tif,non_acacia,0.9168281555175781
s1_tree_303.tif,acacia,0.9980904459953308
s4_tree_091.tif,acacia,0.9971587657928467
s2_tree_690.tif,acacia,0.7196390628814697
s3_tree_293.tif,acacia,0.9767792820930481
s1_tree_459.tif,non_acacia,0.9954623579978943
s3_tree_287.tif,acacia,0.9979240894317627
s4_tree_085.tif,acacia,0.9989979863166809
s2_tree_684.tif,acacia,0.9997400641441345
s2_tree_109.tif,non_acacia,0.9985272884368896
s3_tree_278.tif,non_acacia,0.7316496968269348
s3_tree_250.tif,acacia,0.988730251789093
s4_tree_052.tif,acacia,0.9990091323852539
s2_tree_653.tif,acacia,0.6628276109695435
s2_tree_135.tif,non_acacia,0.9999603033065796
s3_tree_536.tif,acacia,0.99363774061203
s3_tree_522.tif,acacia,0.9740586876869202
s2_tree_121.tif,non_acacia,0.9940471649169922
s4_tree_046.tif,acacia,0.9999529123306274
s2_tree_647.tif,non_acacia,0.8524219989776611
s3_tree_244.tif,non_acacia,0.9944762587547302
s1_tree_115.tif,non_acacia,0.9963877201080322
s1_tree_101.tif,non_acacia,0.9999526739120483
s3_tree_091.tif,non_acacia,0.9930001497268677
s2_tree_492.tif,non_acacia,0.8563739657402039
s1_tree_129.tif,non_acacia,0.9831579923629761
s2_tree_486.tif,non_acacia,0.991905689239502
s3_tree_085.tif,acacia,0.9897640943527222
s2_tree_479.tif,non_acacia,0.9997962117195129
s2_tree_337.tif,acacia,0.9738126397132874
s2_tree_451.tif,acacia,0.9806318283081055
s3_tree_052.tif,acacia,0.5427975058555603
s3_tree_046.tif,acacia,0.8415496945381165
s2_tree_445.tif,acacia,0.7708774209022522
s2_tree_323.tif,non_acacia,0.8185845613479614
s1_tree_061.tif,acacia,0.9999427795410156
s1_tree_075.tif,non_acacia,0.7388750314712524
s2_tree_280.tif,non_acacia,0.9999418258666992
s1_tree_049.tif,non_acacia,0.983116090297699
s2_tree_294.tif,acacia,0.9896719455718994
s2_tree_519.tif,acacia,0.9694811105728149
s2_tree_243.tif,acacia,0.9989879727363586
s2_tree_525.tif,acacia,0.9996278285980225
s3_tree_126.tif,acacia,0.9175726771354675
s3_tree_132.tif,non_acacia,0.6782593131065369
s2_tree_531.tif,non_acacia,0.9862198829650879
s2_tree_257.tif,non_acacia,0.8321127891540527
s1_tree_263.tif,acacia,0.9892850518226624
s1_tree_505.tif,acacia,0.8854131698608398
s1_tree_511.tif,non_acacia,0.9992918968200684
s1_tree_277.tif,non_acacia,0.9987323880195618
s3_tree_481.tif,acacia,0.9997138381004333
s1_tree_539.tif,non_acacia,0.9972530007362366
s2_tree_082.tif,non_acacia,0.998927891254425
s2_tree_096.tif,acacia,0.8506804704666138
s3_tree_495.tif,non_acacia,0.9396262168884277
s3_tree_318.tif,acacia,0.7765637040138245
s2_tree_069.tif,acacia,0.9763020873069763
s3_tree_324.tif,acacia,0.8783808946609497
s4_tree_126.tif,acacia,0.9982398748397827
s2_tree_041.tif,acacia,0.9995189905166626
s3_tree_442.tif,non_acacia,0.9117752909660339
s3_tree_456.tif,acacia,0.9863280057907104
s2_tree_055.tif,acacia,0.9748576283454895
s4_tree_132.tif,acacia,0.8825922608375549
s1_tree_288.tif,non_acacia,0.9754485487937927
s3_tree_330.tif,acacia,0.9620934128761292
s3_tree_308.tif,non_acacia,0.9740388989448547
s2_tree_079.tif,non_acacia,0.9992061257362366
s3_tree_334.tif,non_acacia,0.9979124665260315
s4_tree_136.tif,non_acacia,0.9514797329902649
s2_tree_051.tif,acacia,0.998921275138855
s3_tree_452.tif,non_acacia,0.9992545247077942
s3_tree_446.tif,acacia,0.9973055124282837
s2_tree_045.tif,non_acacia,0.9712705016136169
s4_tree_122.tif,acacia,0.9983953833580017
s1_tree_298.tif,non_acacia,0.9997971653938293
s3_tree_320.tif,acacia,0.9211595058441162
s1_tree_273.tif,non_acacia,0.5748287439346313
s1_tree_515.tif,non_acacia,0.9990204572677612
s1_tree_501.tif,non_acacia,0.9811251163482666
s1_tree_267.tif,acacia,0.9834866523742676
s3_tree_491.tif,acacia,0.6579009294509888
s1_tree_529.tif,acacia,0.8223187327384949
s2_tree_092.tif,non_acacia,0.9637708067893982
s2_tree_086.tif,non_acacia,0.999687671661377
s3_tree_485.tif,non_acacia,0.9974315762519836
s2_tree_509.tif,non_acacia,0.9360744953155518
s2_tree_253.tif,non_acacia,0.9996988773345947
s2_tree_535.tif,acacia,0.7633324265480042
s3_tree_136.tif,acacia,0.9948334693908691
s3_tree_122.tif,acacia,0.7965701222419739
s2_tree_521.tif,non_acacia,0.9840844869613647
s2_tree_247.tif,non_acacia,0.9999685287475586
s1_tree_071.tif,acacia,0.9712981581687927
s1_tree_065.tif,acacia,0.9982526898384094
s2_tree_290.tif,acacia,0.9994803071022034
s1_tree_059.tif,non_acacia,0.996850311756134
s2_tree_284.tif,non_acacia,0.8645389676094055
s2_tree_469.tif,acacia,0.9997437596321106
s2_tree_327.tif,non_acacia,0.9994798302650452
s2_tree_441.tif,non_acacia,0.9990957975387573
s3_tree_042.tif,acacia,0.8845090866088867
s3_tree_056.tif,non_acacia,0.9994930028915405
s2_tree_455.tif,acacia,0.9994279742240906
s2_tree_333.tif,non_acacia,0.9999552965164185
s1_tree_105.tif,non_acacia,0.9723784923553467
s1_tree_111.tif,acacia,0.9987984895706177
s3_tree_081.tif,acacia,0.794264018535614
s2_tree_482.tif,non_acacia,0.9931755661964417
s1_tree_139.tif,acacia,0.9900330901145935
s2_tree_496.tif,non_acacia,0.9980973601341248
s3_tree_095.tif,acacia,0.9987902045249939
s2_tree_119.tif,non_acacia,0.9993627667427063
s3_tree_268.tif,acacia,0.9850876927375793
s3_tree_240.tif,acacia,0.9714075326919556
s4_tree_042.tif,non_acacia,0.9475770592689514
s2_tree_643.tif,acacia,0.998765230178833
s2_tree_125.tif,acacia,0.9972584247589111
s3_tree_526.tif,non_acacia,0.5481693148612976
s3_tree_532.tif,non_acacia,0.5027830600738525
s2_tree_131.tif,acacia,0.9999814033508301
s4_tree_056.tif,acacia,0.7747084498405457
s2_tree_657.tif,non_acacia,0.9999682903289795
s3_tree_254.tif,acacia,0.5683509707450867
s1_tree_307.tif,non_acacia,0.999247670173645
s1_tree_461.tif,non_acacia,0.8619081974029541
s1_tree_475.tif,non_acacia,0.9889315366744995
s1_tree_313.tif,non_acacia,0.9996953010559082
s4_tree_081.tif,acacia,0.995400607585907
s2_tree_680.tif,acacia,0.7184315323829651
s3_tree_283.tif,acacia,0.9956948757171631
s1_tree_449.tif,non_acacia,0.9991796612739563
s3_tree_297.tif,acacia,0.9973574280738831
s4_tree_095.tif,non_acacia,0.9721112847328186
s2_tree_694.tif,non_acacia,0.9971651434898376
s1_tree_448.tif,non_acacia,0.7486608028411865
s2_tree_695.tif,non_acacia,0.9995114803314209
s4_tree_094.tif,acacia,0.9758684635162354
s3_tree_296.tif,acacia,0.8445723652839661
s3_tree_282.tif,acacia,0.9063704609870911
s2_tree_681.tif,non_acacia,0.9936284422874451
s4_tree_080.tif,non_acacia,0.5492222905158997
s1_tree_474.tif,non_acacia,0.6392645239830017
s1_tree_312.tif,non_acacia,0.9987296462059021
s1_tree_306.tif,non_acacia,0.9835282564163208
s1_tree_460.tif,acacia,0.7039896249771118
s2_tree_130.tif,non_acacia,0.8545379638671875
s3_tree_533.tif,non_acacia,0.9998571872711182
s3_tree_255.tif,acacia,0.7556629180908203
s2_tree_656.tif,non_acacia,0.9997449517250061
s4_tree_057.tif,acacia,0.9997007846832275
s2_tree_642.tif,acacia,0.7236565351486206
s4_tree_043.tif,non_acacia,0.9851552844047546
s3_tree_241.tif,acacia,0.9875494241714478
s3_tree_527.tif,non_acacia,0.9996532201766968
s2_tree_124.tif,non_acacia,0.9929216504096985
s3_tree_269.tif,acacia,0.9947540760040283
s2_tree_118.tif,acacia,0.9722532629966736
s3_tree_094.tif,acacia,0.9523754715919495
s2_tree_497.tif,acacia,0.8493073582649231
s1_tree_138.tif,acacia,0.9971601963043213
s2_tree_483.tif,non_acacia,0.98131263256073
s3_tree_080.tif,acacia,0.9988032579421997
s1_tree_110.tif,acacia,0.8803731203079224
s1_tree_104.tif,acacia,0.5431081652641296
s2_tree_454.tif,non_acacia,0.9911783337593079
s3_tree_057.tif,acacia,0.9957148432731628
s2_tree_332.tif,non_acacia,0.9939047694206238
s2_tree_326.tif,acacia,0.9469533562660217
s3_tree_043.tif,acacia,0.6244917511940002
s2_tree_440.tif,non_acacia,0.904797375202179
s2_tree_468.tif,acacia,0.9972608089447021
s1_tree_058.tif,non_acacia,0.9678522944450378
s2_tree_285.tif,non_acacia,0.8681410551071167
s2_tree_291.tif,acacia,0.9986512064933777
s1_tree_064.tif,acacia,0.9983914494514465
s1_tree_070.tif,acacia,0.9988497495651245
s2_tree_520.tif,non_acacia,0.9686580896377563
s3_tree_123.tif,acacia,0.9408817291259766
s2_tree_246.tif,non_acacia,0.999698281288147
s2_tree_252.tif,acacia,0.5850510597229004
s3_tree_137.tif,non_acacia,0.9661159515380859
s2_tree_534.tif,acacia,0.9985917210578918
s2_tree_508.tif,non_acacia,0.9213485717773438
s3_tree_484.tif,acacia,0.9977838397026062
s2_tree_087.tif,acacia,0.8902215957641602
s2_tree_093.tif,non_acacia,0.9998074173927307
s1_tree_528.tif,acacia,0.9154317378997803
s3_tree_490.tif,acacia,0.9977474808692932
s1_tree_500.tif,acacia,0.8735276460647583
s1_tree_266.tif,non_acacia,0.9999949932098389
s1_tree_272.tif,non_acacia,0.9995443224906921
s1_tree_514.tif,acacia,0.9781113862991333
s2_tree_044.tif,non_acacia,0.9999915361404419
s3_tree_447.tif,acacia,0.9396343231201172
s3_tree_321.tif,acacia,0.9790327548980713
s1_tree_299.tif,non_acacia,0.9988781809806824
s4_tree_123.tif,non_acacia,0.9808926582336426
s4_tree_137.tif,acacia,0.9993466734886169
s3_tree_335.tif,non_acacia,0.999717652797699
s3_tree_453.tif,non_acacia,0.9361552000045776
s2_tree_050.tif,acacia,0.9907943606376648
s2_tree_078.tif,acacia,0.9989972710609436
s3_tree_309.tif,non_acacia,0.9974045157432556
s3_tree_479.tif,acacia,0.9867732524871826
s2_tree_708.tif,acacia,0.9852108359336853
s4_tree_109.tif,non_acacia,0.8128634691238403
s4_tree_121.tif,non_acacia,0.9647964239120483
s3_tree_323.tif,acacia,0.9999575614929199
s3_tree_445.tif,non_acacia,0.7239970564842224
s2_tree_046.tif,acacia,0.9452359676361084
s2_tree_052.tif,acacia,0.572762131690979
s3_tree_451.tif,non_acacia,0.9999891519546509
s3_tree_337.tif,non_acacia,0.9607226252555847
s4_tree_135.tif,non_acacia,0.715325653553009
s1_tree_264.tif,non_acacia,0.9953463673591614
s1_tree_502.tif,non_acacia,0.9885526895523071
s1_tree_516.tif,non_acacia,0.9996634721755981
s1_tree_270.tif,non_acacia,0.999215841293335
s1_tree_258.tif,acacia,0.6034946441650391
s2_tree_085.tif,acacia,0.9997000694274902
s3_tree_486.tif,non_acacia,0.9378785490989685
s3_tree_492.tif,non_acacia,0.9996439218521118
s2_tree_091.tif,non_acacia,0.9962683916091919
s2_tree_278.tif,non_acacia,0.9006085991859436
s3_tree_109.tif,acacia,0.9742714762687683
s2_tree_244.tif,non_acacia,0.9998831748962402
s3_tree_121.tif,acacia,0.9999755620956421
s1_tree_099.tif,non_acacia,0.9995512366294861
s2_tree_522.tif,non_acacia,0.9353995323181152
s2_tree_536.tif,acacia,0.9887925982475281
s3_tree_135.tif,acacia,0.996543824672699
s2_tree_250.tif,non_acacia,0.9623864889144897
s1_tree_066.tif,acacia,0.9960428476333618
s1_tree_072.tif,acacia,0.9431723356246948
s2_tree_287.tif,non_acacia,0.8008357286453247
s2_tree_293.tif,non_acacia,0.9991194605827332
s3_tree_069.tif,acacia,0.980175793170929
s2_tree_318.tif,acacia,0.9199913144111633
s2_tree_330.tif,non_acacia,0.9949828386306763
s3_tree_055.tif,non_acacia,0.9998443126678467
s2_tree_456.tif,non_acacia,0.9530767798423767
s2_tree_442.tif,non_acacia,0.9739130139350891
s3_tree_041.tif,non_acacia,0.9981182813644409
s2_tree_324.tif,non_acacia,0.993396520614624
s1_tree_112.tif,non_acacia,0.948613703250885
s1_tree_106.tif,non_acacia,0.9945145845413208
s1_tree_648.tif,non_acacia,0.9999819993972778
s2_tree_495.tif,non_acacia,0.9994155168533325
s3_tree_096.tif,acacia,0.9991245865821838
s3_tree_082.tif,acacia,0.8197590112686157
s2_tree_481.tif,non_acacia,0.9991782307624817
s4_tree_069.tif,acacia,0.9993031024932861
s2_tree_668.tif,non_acacia,0.9978939890861511
s3_tree_519.tif,non_acacia,0.9964078068733215
s4_tree_055.tif,acacia,0.998579740524292
s2_tree_654.tif,non_acacia,0.9796868562698364
s3_tree_257.tif,non_acacia,0.9908267855644226
s3_tree_531.tif,non_acacia,0.9590216875076294
s2_tree_132.tif,non_acacia,0.9999696016311646
s1_tree_489.tif,non_acacia,0.9998815059661865
s2_tree_126.tif,acacia,0.9405819177627563
s3_tree_525.tif,non_acacia,0.9999233484268188
s3_tree_243.tif,non_acacia,0.9990407824516296
s4_tree_041.tif,acacia,0.9997164607048035
s2_tree_640.tif,non_acacia,0.9443570971488953
s1_tree_310.tif,non_acacia,0.9998711347579956
s1_tree_476.tif,acacia,0.9700391888618469
s1_tree_462.tif,non_acacia,0.9952684044837952
s1_tree_304.tif,non_acacia,0.9953159093856812
s3_tree_294.tif,acacia,0.9997308850288391
s4_tree_096.tif,acacia,0.9979338645935059
s2_tree_697.tif,non_acacia,0.9997139573097229
s1_tree_338.tif,non_acacia,0.9740431904792786
s4_tree_082.tif,acacia,0.9977904558181763
s2_tree_683.tif,acacia,0.9628793597221375
s3_tree_280.tif,acacia,0.5546213388442993
s3_tree_281.tif,acacia,0.9365947246551514
s2_tree_682.tif,non_acacia,0.9898813366889954
s4_tree_083.tif,non_acacia,0.7463321685791016
s1_tree_339.tif,non_acacia,0.9994668364524841
s2_tree_696.tif,non_acacia,0.9997884631156921
s4_tree_097.tif,acacia,0.9997557997703552
s3_tree_295.tif,non_acacia,0.998336672782898
s1_tree_463.tif,non_acacia,0.9928067922592163
s1_tree_305.tif,non_acacia,0.9993407130241394
s1_tree_311.tif,acacia,0.9906933903694153
s1_tree_477.tif,non_acacia,0.9999347925186157
s3_tree_524.tif,non_acacia,0.9991092085838318
s2_tree_127.tif,acacia,0.9953172206878662
s2_tree_641.tif,non_acacia,0.9934329986572266
s4_tree_040.tif,acacia,0.9993464350700378
s3_tree_242.tif,non_acacia,0.5592455863952637
s3_tree_256.tif,acacia,0.9000783562660217
s2_tree_655.tif,non_acacia,0.8025288581848145
s4_tree_054.tif,acacia,0.999053418636322
s1_tree_488.tif,non_acacia,0.999866247177124
s2_tree_133.tif,acacia,0.995084822177887
s3_tree_530.tif,non_acacia,0.9998544454574585
s3_tree_518.tif,non_acacia,0.9803715348243713
s2_tree_669.tif,acacia,0.632194995880127
s4_tree_068.tif,non_acacia,0.9537531733512878
s2_tree_480.tif,non_acacia,0.9928920269012451
s3_tree_083.tif,non_acacia,0.9998962879180908
s1_tree_649.tif,non_acacia,0.7437885403633118
s3_tree_097.tif,acacia,0.6243880987167358
s2_tree_494.tif,acacia,0.9724497199058533
s1_tree_107.tif,acacia,0.9955698847770691
s1_tree_113.tif,acacia,0.9981446266174316
s3_tree_040.tif,acacia,0.9291130900382996
s2_tree_443.tif,non_acacia,0.8777262568473816
s2_tree_325.tif,non_acacia,0.903919517993927
s2_tree_331.tif,acacia,0.9923673272132874
s2_tree_457.tif,acacia,0.997582197189331
s3_tree_054.tif,non_acacia,0.997387707233429
s2_tree_319.tif,non_acacia,0.6338253617286682
s3_tree_068.tif,acacia,0.9501631855964661
s2_tree_292.tif,acacia,0.9997163414955139
s2_tree_286.tif,acacia,0.711948573589325
s1_tree_073.tif,non_acacia,0.9997493624687195
s1_tree_067.tif,non_acacia,0.9974295496940613
s3_tree_134.tif,acacia,0.9996699094772339
s2_tree_537.tif,non_acacia,0.7933313846588135
s2_tree_251.tif,acacia,0.9689554572105408
s2_tree_245.tif,acacia,0.9850067496299744
s2_tree_523.tif,acacia,0.9995583891868591
s1_tree_098.tif,acacia,0.999778687953949
s3_tree_120.tif,acacia,0.8342054486274719
s3_tree_108.tif,acacia,0.9484174251556396
s2_tree_279.tif,non_acacia,0.9994040727615356
s2_tree_090.tif,non_acacia,0.9998127818107605
s3_tree_493.tif,acacia,0.924630880355835
s1_tree_259.tif,non_acacia,0.5579304099082947
s3_tree_487.tif,non_acacia,0.9968886971473694
s2_tree_084.tif,acacia,0.7072580456733704
s1_tree_517.tif,non_acacia,0.9784119725227356
s1_tree_271.tif,non_acacia,0.9999350309371948
s1_tree_265.tif,non_acacia,0.9964022636413574
s1_tree_503.tif,non_acacia,0.9999032020568848
s3_tree_450.tif,non_acacia,0.5913504958152771
s2_tree_053.tif,acacia,0.9991278052330017
s4_tree_134.tif,acacia,0.9941149950027466
s3_tree_336.tif,acacia,0.9770306348800659
s3_tree_322.tif,non_acacia,0.5728759169578552
s4_tree_120.tif,non_acacia,0.9956870675086975
s2_tree_047.tif,acacia,0.6400367617607117
s3_tree_444.tif,acacia,0.9624203443527222
s4_tree_108.tif,acacia,0.9893791079521179
s2_tree_709.tif,non_acacia,0.9728643894195557
s3_tree_478.tif,acacia,0.9985644221305847
s2_tree_062.tif,acacia,0.9998915195465088
s3_tree_461.tif,acacia,0.7426562309265137
s3_tree_307.tif,non_acacia,0.9862987399101257
s4_tree_105.tif,acacia,0.999797523021698
s2_tree_704.tif,non_acacia,0.9998185038566589
s4_tree_111.tif,acacia,0.9951450228691101
s2_tree_710.tif,acacia,0.9927113056182861
s3_tree_313.tif,acacia,0.997068464756012
s3_tree_475.tif,acacia,0.9685575366020203
s2_tree_076.tif,acacia,0.9975249171257019
s1_tree_283.tif,non_acacia,0.9990904331207275
s4_tree_139.tif,acacia,0.9999327659606934
s1_tree_297.tif,non_acacia,0.9999406337738037
s3_tree_449.tif,non_acacia,0.9878491163253784
s1_tree_268.tif,non_acacia,0.9972087740898132
s1_tree_526.tif,acacia,0.9993509650230408
s1_tree_240.tif,non_acacia,0.999797523021698
s1_tree_254.tif,non_acacia,0.9958321452140808
s2_tree_089.tif,non_acacia,0.9526281356811523
s1_tree_532.tif,acacia,0.8774030804634094
s2_tree_506.tif,acacia,0.5888532996177673
s3_tree_105.tif,non_acacia,0.994158148765564
s2_tree_260.tif,acacia,0.9990123510360718
s2_tree_274.tif,non_acacia,0.9815292358398438
s3_tree_111.tif,acacia,0.994621753692627
s2_tree_512.tif,non_acacia,0.9956693649291992
s3_tree_139.tif,acacia,0.9932824373245239
s1_tree_081.tif,acacia,0.9975810050964355
s2_tree_248.tif,non_acacia,0.9975243210792542
s1_tree_095.tif,non_acacia,0.9988112449645996
s1_tree_042.tif,acacia,0.7069196701049805
s1_tree_056.tif,acacia,0.999836802482605
s2_tree_472.tif,acacia,0.9995858073234558
s3_tree_071.tif,non_acacia,0.5863969922065735
s2_tree_314.tif,non_acacia,0.9986929297447205
s2_tree_300.tif,non_acacia,0.9995291233062744
s3_tree_065.tif,acacia,0.9745415449142456
s2_tree_466.tif,acacia,0.9852259755134583
s2_tree_328.tif,non_acacia,0.9070824980735779
s3_tree_059.tif,acacia,0.9210276007652283
s1_tree_136.tif,non_acacia,0.9997908473014832
s1_tree_650.tif,acacia,0.9955726861953735
s1_tree_644.tif,non_acacia,0.9920812845230103
s1_tree_122.tif,non_acacia,0.9993626475334167
s2_tree_499.tif,acacia,0.9163346290588379
s2_tree_116.tif,acacia,0.9924628734588623
s3_tree_515.tif,non_acacia,0.9999582767486572
s3_tree_273.tif,acacia,0.9691293239593506
s2_tree_670.tif,acacia,0.9529498815536499
s4_tree_071.tif,acacia,0.5863369703292847
s2_tree_664.tif,acacia,0.9998493194580078
s4_tree_065.tif,acacia,0.9998002648353577
s3_tree_267.tif,non_acacia,0.8947255611419678
s3_tree_501.tif,acacia,0.9795748591423035
s2_tree_102.tif,acacia,0.9037456512451172
s3_tree_529.tif,non_acacia,0.9807726144790649
s1_tree_491.tif,non_acacia,0.9999886751174927
s2_tree_658.tif,acacia,0.9924801588058472
s4_tree_059.tif,acacia,0.9971954822540283
s1_tree_485.tif,non_acacia,0.9999645948410034
s1_tree_308.tif,non_acacia,0.9993220567703247
s1_tree_452.tif,non_acacia,0.999964714050293
s1_tree_334.tif,non_acacia,0.5505601763725281
s1_tree_320.tif,acacia,0.934338390827179
s3_tree_298.tif,acacia,0.7711607813835144
s1_tree_446.tif,non_acacia,0.9950711727142334
s3_tree_299.tif,non_acacia,0.7740694880485535
s1_tree_321.tif,acacia,0.9935725927352905
s1_tree_447.tif,non_acacia,0.9986944794654846
s1_tree_453.tif,non_acacia,0.9999361038208008
s1_tree_335.tif,non_acacia,0.9987921118736267
s1_tree_309.tif,non_acacia,0.89683598279953
s4_tree_058.tif,non_acacia,0.9906594753265381
s2_tree_659.tif,acacia,0.9986868500709534
s1_tree_484.tif,acacia,0.9389283061027527
s1_tree_490.tif,non_acacia,0.99996018409729
s3_tree_528.tif,acacia,0.9976130723953247
s3_tree_266.tif,acacia,0.6795087456703186
s4_tree_064.tif,acacia,0.8713862299919128
s2_tree_665.tif,acacia,0.8960976004600525
s2_tree_103.tif,acacia,0.9659683108329773
s3_tree_500.tif,non_acacia,0.9456658363342285
s3_tree_514.tif,non_acacia,0.9473769664764404
s2_tree_117.tif,acacia,0.6173018217086792
s4_tree_070.tif,acacia,0.9962700605392456
s2_tree_671.tif,acacia,0.8943198919296265
s3_tree_272.tif,acacia,0.9991372227668762
s1_tree_645.tif,non_acacia,0.9999352693557739
s2_tree_498.tif,non_acacia,0.9012081623077393
s1_tree_123.tif,non_acacia,0.9999462366104126
s1_tree_137.tif,acacia,0.9968459010124207
s1_tree_651.tif,non_acacia,0.9678560495376587
s3_tree_058.tif,non_acacia,0.9902690649032593
s2_tree_329.tif,acacia,0.9949406385421753
s2_tree_301.tif,acacia,0.999932050704956
s2_tree_467.tif,non_acacia,0.8575460314750671
s3_tree_064.tif,acacia,0.7199608087539673
s3_tree_070.tif,non_acacia,0.8969209790229797
s2_tree_473.tif,acacia,0.9999009370803833
s2_tree_315.tif,acacia,0.8853704333305359
s1_tree_057.tif,non_acacia,0.9045410752296448
s1_tree_043.tif,non_acacia,0.9862115383148193
s2_tree_249.tif,non_acacia,0.9998736381530762
s1_tree_094.tif,non_acacia,0.9977627992630005
s1_tree_080.tif,acacia,0.6892602443695068
s3_tree_138.tif,acacia,0.9934390187263489
s2_tree_275.tif,non_acacia,0.8175524473190308
s2_tree_513.tif,acacia,0.9119136333465576
s3_tree_110.tif,acacia,0.9955678582191467
s3_tree_104.tif,non_acacia,0.9999352693557739
s2_tree_507.tif,acacia,0.9994199275970459
s2_tree_261.tif,non_acacia,0.580986738204956
s1_tree_255.tif,non_acacia,0.9991956353187561
s1_tree_533.tif,non_acacia,0.9981054067611694
s2_tree_088.tif,acacia,0.9996163845062256
s1_tree_527.tif,acacia,0.9505617618560791
s1_tree_241.tif,non_acacia,0.9998315572738647
s1_tree_269.tif,non_acacia,0.9957504272460938
s1_tree_296.tif,non_acacia,0.9999912977218628
s3_tree_448.tif,acacia,0.8663893938064575
s4_tree_138.tif,non_acacia,0.998853325843811
s1_tree_282.tif,non_acacia,0.9999324083328247
s3_tree_312.tif,acacia,0.9999449253082275
s2_tree_711.tif,non_acacia,0.9907829165458679
s4_tree_110.tif,acacia,0.9998039603233337
s2_tree_077.tif,acacia,0.7195551991462708
s3_tree_474.tif,non_acacia,0.9999805688858032
s3_tree_460.tif,acacia,0.9989995360374451
s2_tree_063.tif,acacia,0.9949344992637634
s2_tree_705.tif,non_acacia,0.9999376535415649
s4_tree_104.tif,acacia,0.9977670907974243
s3_tree_306.tif,non_acacia,0.9941956400871277
s3_tree_476.tif,acacia,0.999862551689148
s2_tree_075.tif,acacia,0.9999059438705444
s4_tree_112.tif,acacia,0.9641076326370239
s2_tree_713.tif,non_acacia,0.9037913680076599
s3_tree_310.tif,acacia,0.9991143345832825
s3_tree_304.tif,non_acacia,0.9400086402893066
s4_tree_106.tif,acacia,0.9996241331100464
s2_tree_707.tif,acacia,0.8190428018569946
s2_tree_061.tif,acacia,0.9604194760322571
s3_tree_462.tif,non_acacia,0.9943305253982544
s2_tree_049.tif,non_acacia,0.5367597937583923
s1_tree_294.tif,non_acacia,0.9999189376831055
s1_tree_280.tif,non_acacia,0.9994495511054993
s3_tree_338.tif,acacia,0.9723812937736511
s1_tree_519.tif,acacia,0.9497561454772949
s3_tree_489.tif,non_acacia,0.9997887015342712
s1_tree_531.tif,non_acacia,0.9983044862747192
s1_tree_257.tif,acacia,0.8255277276039124
s1_tree_243.tif,non_acacia,0.9992731213569641
s1_tree_525.tif,non_acacia,0.999958872795105
s3_tree_112.tif,non_acacia,0.9998723268508911
s2_tree_511.tif,non_acacia,0.7840768098831177
s2_tree_277.tif,acacia,0.8207955956459045
s2_tree_263.tif,non_acacia,0.95082026720047
s2_tree_505.tif,non_acacia,0.9764891266822815
s3_tree_106.tif,acacia,0.9989362359046936
s1_tree_096.tif,non_acacia,0.6030287146568298
s2_tree_539.tif,non_acacia,0.8927101492881775
s1_tree_082.tif,non_acacia,0.9999380111694336
s1_tree_069.tif,non_acacia,0.9920067191123962
s1_tree_055.tif,acacia,0.9991555213928223
s2_tree_288.tif,acacia,0.9925183057785034
s1_tree_041.tif,acacia,0.9998499155044556
s3_tree_066.tif,acacia,0.9898465275764465
s2_tree_465.tif,acacia,0.998149037361145
s2_tree_303.tif,acacia,0.7719210386276245
s2_tree_317.tif,non_acacia,0.9513816833496094
s2_tree_471.tif,acacia,0.9690463542938232
s3_tree_072.tif,non_acacia,0.9988718628883362
s2_tree_459.tif,non_acacia,0.9711595177650452
s1_tree_109.tif,non_acacia,0.997099757194519
s3_tree_099.tif,acacia,0.9671176075935364
s1_tree_121.tif,acacia,0.6851857900619507
s1_tree_647.tif,non_acacia,0.9948203563690186
s1_tree_653.tif,acacia,0.9696540236473083
s1_tree_135.tif,non_acacia,0.8862239122390747
s3_tree_502.tif,non_acacia,0.9124597311019897
s2_tree_101.tif,non_acacia,0.9836387634277344
s2_tree_667.tif,non_acacia,0.9987784028053284
s4_tree_066.tif,acacia,0.9994261264801025
s3_tree_264.tif,non_acacia,0.9799260497093201
s3_tree_270.tif,acacia,0.7984293103218079
s2_tree_673.tif,non_acacia,0.9998950958251953
s4_tree_072.tif,acacia,0.9989292025566101
s2_tree_115.tif,non_acacia,0.999976634979248
s3_tree_516.tif,acacia,0.7902610301971436
s1_tree_486.tif,non_acacia,0.6926857829093933
s3_tree_258.tif,non_acacia,0.8860448002815247
s1_tree_492.tif,non_acacia,0.5157578587532043
s2_tree_129.tif,non_acacia,0.99981290102005
s1_tree_479.tif,non_acacia,0.9999351501464844
s1_tree_445.tif,non_acacia,0.780363142490387
s2_tree_698.tif,non_acacia,0.9424459934234619
s4_tree_099.tif,acacia,0.9996076226234436
s1_tree_323.tif,non_acacia,0.9999475479125977
s1_tree_337.tif,acacia,0.7312234044075012
s1_tree_451.tif,acacia,0.9727053642272949
s1_tree_336.tif,non_acacia,0.9965428709983826
s1_tree_450.tif,non_acacia,0.9993191957473755
s1_tree_444.tif,non_acacia,0.9980093836784363
s1_tree_322.tif,acacia,0.9970996379852295
s4_tree_098.tif,non_acacia,0.9948520064353943
s2_tree_699.tif,acacia,0.5864786505699158
s1_tree_478.tif,non_acacia,0.9999327659606934
s2_tree_128.tif,non_acacia,0.5893998146057129
s1_tree_493.tif,non_acacia,0.9990308284759521
s1_tree_487.tif,non_acacia,0.9999279975891113
s3_tree_259.tif,non_acacia,0.8263399600982666
s4_tree_073.tif,acacia,0.9997977614402771
s2_tree_672.tif,acacia,0.9828012585639954
s3_tree_271.tif,non_acacia,0.7654575705528259
s3_tree_517.tif,acacia,0.9995194673538208
s2_tree_114.tif,acacia,0.9998563528060913
s2_tree_100.tif,non_acacia,0.9853943586349487
s3_tree_503.tif,non_acacia,0.8875442743301392
s3_tree_265.tif,acacia,0.9723424315452576
s4_tree_067.tif,non_acacia,0.5944992303848267
s2_tree_666.tif,non_acacia,0.9935769438743591
s1_tree_652.tif,non_acacia,0.9997023940086365
s1_tree_134.tif,non_acacia,0.9999550580978394
s1_tree_120.tif,non_acacia,0.9996678829193115
s3_tree_098.tif,non_acacia,0.6140950918197632
s1_tree_646.tif,non_acacia,0.9849783778190613
s1_tree_108.tif,non_acacia,0.9922155737876892
s2_tree_458.tif,acacia,0.9999649524688721
s2_tree_316.tif,non_acacia,0.9952654838562012
s3_tree_073.tif,non_acacia,0.5452249050140381
s2_tree_470.tif,non_acacia,0.5113791227340698
s2_tree_464.tif,acacia,0.9049540162086487
s3_tree_067.tif,acacia,0.9838230013847351
s2_tree_302.tif,acacia,0.9826979041099548
s1_tree_040.tif,non_acacia,0.6098096966743469
s1_tree_054.tif,non_acacia,0.9998267292976379
s2_tree_289.tif,acacia,0.826650083065033
s1_tree_068.tif,acacia,0.9853202700614929
s1_tree_083.tif,non_acacia,0.5815746188163757
s2_tree_538.tif,non_acacia,0.9169307351112366
s1_tree_097.tif,non_acacia,0.9079791903495789
s2_tree_262.tif,non_acacia,0.9869891405105591
s3_tree_107.tif,acacia,0.9564206600189209
s2_tree_504.tif,non_acacia,0.688093364238739
s2_tree_510.tif,non_acacia,0.9998998641967773
s3_tree_113.tif,acacia,0.9668560028076172
s2_tree_276.tif,acacia,0.9439510703086853
s1_tree_242.tif,non_acacia,0.9999083280563354
s1_tree_524.tif,acacia,0.50175541639328
s1_tree_530.tif,acacia,0.99458247423172
s3_tree_488.tif,non_acacia,0.9958542585372925
s1_tree_256.tif,non_acacia,0.9999563694000244
s1_tree_518.tif,non_acacia,0.9996084570884705
s3_tree_339.tif,acacia,0.7283980846405029
s1_tree_281.tif,non_acacia,0.7851029634475708
s2_tree_048.tif,non_acacia,0.87095707654953
s1_tree_295.tif,acacia,0.5128432512283325
s2_tree_706.tif,non_acacia,0.9866863489151001
s4_tree_107.tif,acacia,0.9998062252998352
s3_tree_305.tif,acacia,0.8392636179924011
s3_tree_463.tif,acacia,0.9919519424438477
s2_tree_060.tif,acacia,0.9998730421066284
s2_tree_074.tif,acacia,0.9881569743156433
s3_tree_477.tif,non_acacia,0.8816450238227844
s3_tree_311.tif,non_acacia,0.9927167296409607
s2_tree_712.tif,non_acacia,0.9946963787078857
s4_tree_113.tif,acacia,0.9983413219451904
s3_tree_329.tif,acacia,0.9964157342910767
s1_tree_291.tif,non_acacia,0.9945847392082214
s2_tree_058.tif,acacia,0.9992614388465881
s1_tree_285.tif,non_acacia,0.9997698664665222
s2_tree_716.tif,non_acacia,0.9911666512489319
s4_tree_117.tif,acacia,0.9996514320373535
s3_tree_315.tif,acacia,0.8255587220191956
s3_tree_473.tif,acacia,0.9953448176383972
s2_tree_070.tif,non_acacia,0.9998787641525269
s2_tree_064.tif,acacia,0.9945197701454163
s3_tree_467.tif,acacia,0.5170936584472656
s3_tree_301.tif,non_acacia,0.8996115922927856
s2_tree_702.tif,non_acacia,0.9974896907806396
s4_tree_103.tif,non_acacia,0.9677259922027588
s1_tree_252.tif,non_acacia,0.9970133304595947
s1_tree_534.tif,acacia,0.9823638200759888
s1_tree_520.tif,non_acacia,0.8844535946846008
s3_tree_498.tif,acacia,0.7448433637619019
s1_tree_246.tif,non_acacia,0.9440142512321472
s1_tree_508.tif,non_acacia,0.9999547004699707
s1_tree_093.tif,acacia,0.5214268565177917
s2_tree_528.tif,acacia,0.9684247970581055
s1_tree_087.tif,acacia,0.9994149208068848
s2_tree_272.tif,non_acacia,0.9881579279899597
s3_tree_117.tif,acacia,0.9793758988380432
s2_tree_514.tif,non_acacia,0.9868674278259277
s2_tree_500.tif,acacia,0.9252651929855347
s3_tree_103.tif,acacia,0.9713177680969238
s2_tree_266.tif,acacia,0.9934163093566895
s1_tree_050.tif,acacia,0.6936213970184326
s1_tree_044.tif,acacia,0.9962419271469116
s2_tree_299.tif,acacia,0.9906704425811768
s1_tree_078.tif,acacia,0.8069455623626709
s2_tree_448.tif,acacia,0.9634981751441956
s2_tree_306.tif,acacia,0.9966683983802795
s3_tree_063.tif,acacia,0.6819152235984802
s2_tree_460.tif,acacia,0.9962872266769409
s2_tree_474.tif,acacia,0.686806321144104
s3_tree_077.tif,acacia,0.9974172115325928
s2_tree_312.tif,acacia,0.9976457953453064
s1_tree_642.tif,non_acacia,0.9959270358085632
s1_tree_124.tif,non_acacia,0.9996788501739502
s1_tree_130.tif,non_acacia,0.9968110918998718
s3_tree_088.tif,acacia,0.9987871050834656
s1_tree_118.tif,non_acacia,0.991456925868988
s2_tree_138.tif,non_acacia,0.9996844530105591
s1_tree_483.tif,non_acacia,0.9999185800552368
s1_tree_497.tif,non_acacia,0.9908022880554199
s3_tree_249.tif,acacia,0.9747282862663269
s4_tree_063.tif,acacia,0.9996567964553833
s2_tree_662.tif,acacia,0.9944130778312683
s3_tree_261.tif,acacia,0.9664928317070007
s3_tree_507.tif,acacia,0.8128737807273865
s2_tree_104.tif,acacia,0.9994890689849854
s2_tree_110.tif,acacia,0.9989472031593323
s3_tree_513.tif,non_acacia,0.8785731196403503
s3_tree_275.tif,acacia,0.5217980146408081
s4_tree_077.tif,acacia,0.994568943977356
s2_tree_676.tif,non_acacia,0.9934967756271362
s1_tree_326.tif,non_acacia,0.9739367961883545
s1_tree_440.tif,non_acacia,0.6056854724884033
s1_tree_454.tif,acacia,0.9965280890464783
s1_tree_332.tif,acacia,0.8940301537513733
s4_tree_088.tif,acacia,0.9656779766082764
s2_tree_689.tif,non_acacia,0.9935898780822754
s1_tree_468.tif,non_acacia,0.9997561573982239
s1_tree_469.tif,acacia,0.8852778673171997
s1_tree_455.tif,acacia,0.5633335709571838
s2_tree_688.tif,acacia,0.8923148512840271
s4_tree_089.tif,acacia,0.9999524354934692
s1_tree_333.tif,non_acacia,0.9988754391670227
s1_tree_327.tif,acacia,0.9282117486000061
s1_tree_441.tif,acacia,0.620902419090271
s3_tree_512.tif,non_acacia,0.6770498752593994
s2_tree_111.tif,non_acacia,0.9982105493545532
s2_tree_677.tif,non_acacia,0.999954104423523
s4_tree_076.tif,acacia,0.9970609545707703
s3_tree_274.tif,non_acacia,0.9830654859542847
s3_tree_260.tif,non_acacia,0.7056988477706909
s2_tree_663.tif,acacia,0.7180318236351013
s4_tree_062.tif,acacia,0.9990443587303162
s2_tree_105.tif,non_acacia,0.89646315574646
s3_tree_506.tif,non_acacia,0.738650918006897
s1_tree_496.tif,non_acacia,0.6527011394500732
s3_tree_248.tif,non_acacia,0.9896886348724365
s1_tree_482.tif,acacia,0.6037368178367615
s2_tree_139.tif,acacia,0.7766210436820984
s1_tree_119.tif,acacia,0.8405423760414124
s3_tree_089.tif,acacia,0.9908093214035034
s1_tree_131.tif,non_acacia,0.9966875910758972
s1_tree_643.tif,non_acacia,0.9983319640159607
s1_tree_125.tif,non_acacia,0.9956557750701904
s3_tree_076.tif,acacia,0.9754446148872375
s2_tree_475.tif,acacia,0.9820531606674194
s2_tree_313.tif,acacia,0.9946128129959106
s2_tree_307.tif,acacia,0.8835545182228088
s2_tree_461.tif,non_acacia,0.9931477904319763
s3_tree_062.tif,non_acacia,0.9945955872535706
s2_tree_449.tif,non_acacia,0.9999479055404663
s1_tree_079.tif,non_acacia,0.9999469518661499
s1_tree_045.tif,acacia,0.6550343632698059
s2_tree_298.tif,acacia,0.5229278802871704
s1_tree_051.tif,non_acacia,0.9988834261894226
s3_tree_102.tif,non_acacia,0.9871668219566345
s2_tree_501.tif,acacia,0.9960474371910095
s2_tree_267.tif,non_acacia,0.9559928774833679
s2_tree_273.tif,non_acacia,0.9938486218452454
s2_tree_515.tif,acacia,0.6842536926269531
s3_tree_116.tif,non_acacia,0.8846073150634766
s1_tree_086.tif,acacia,0.9848182797431946
s2_tree_529.tif,acacia,0.8750706315040588
s1_tree_092.tif,acacia,0.9998422861099243
s1_tree_509.tif,non_acacia,0.9974607229232788
s3_tree_499.tif,non_acacia,0.794037938117981
s1_tree_521.tif,non_acacia,0.9996293783187866
s1_tree_247.tif,non_acacia,0.9999470710754395
s1_tree_253.tif,non_acacia,0.9986423850059509
s1_tree_535.tif,non_acacia,0.9888899326324463
s3_tree_466.tif,acacia,0.9998519420623779
s2_tree_065.tif,acacia,0.9873168468475342
s4_tree_102.tif,acacia,0.9988481998443604
s2_tree_703.tif,non_acacia,0.959088146686554
s3_tree_300.tif,acacia,0.9953576922416687
s3_tree_314.tif,non_acacia,0.9991987347602844
s4_tree_116.tif,non_acacia,0.912227988243103
s2_tree_071.tif,acacia,0.9997962117195129
s3_tree_472.tif,acacia,0.9761897921562195
s2_tree_059.tif,acacia,0.9537087678909302
s1_tree_284.tif,non_acacia,0.9999572038650513
s1_tree_290.tif,non_acacia,0.9999431371688843
s3_tree_328.tif,acacia,0.9985541701316833
s1_tree_286.tif,acacia,0.898993968963623
s3_tree_458.tif,non_acacia,0.976173460483551
s4_tree_128.tif,acacia,0.8213996291160583
s1_tree_292.tif,acacia,0.582589864730835
s3_tree_302.tif,acacia,0.9534133076667786
s2_tree_701.tif,non_acacia,0.9994301199913025
s4_tree_100.tif,acacia,0.999922513961792
s2_tree_067.tif,acacia,0.9996792078018188
s3_tree_464.tif,non_acacia,0.9844916462898254
s3_tree_470.tif,acacia,0.9989055395126343
s2_tree_073.tif,non_acacia,0.8386086225509644
s2_tree_715.tif,non_acacia,0.9926566481590271
s4_tree_114.tif,acacia,0.7163862586021423
s3_tree_316.tif,acacia,0.9974263310432434
s1_tree_245.tif,non_acacia,0.9977884292602539
s1_tree_523.tif,non_acacia,0.9363098740577698
s2_tree_098.tif,acacia,0.9880637526512146
s1_tree_537.tif,acacia,0.8630870580673218
s1_tree_251.tif,acacia,0.9992892742156982
s1_tree_279.tif,acacia,0.99775630235672
s2_tree_259.tif,non_acacia,0.6554188132286072
s1_tree_084.tif,non_acacia,0.9561756253242493
s1_tree_090.tif,acacia,0.9993544220924377
s3_tree_128.tif,acacia,0.9985896944999695
s2_tree_265.tif,acacia,0.9782729148864746
s2_tree_503.tif,non_acacia,0.9762478470802307
s3_tree_100.tif,acacia,0.9427145719528198
s3_tree_114.tif,acacia,0.9687513709068298
s2_tree_517.tif,acacia,0.5468529462814331
s2_tree_271.tif,non_acacia,0.9929466843605042
s1_tree_047.tif,non_acacia,0.8360957503318787
s1_tree_053.tif,acacia,0.970963180065155
s3_tree_048.tif,non_acacia,0.996912956237793
s2_tree_339.tif,non_acacia,0.9998501539230347
s2_tree_311.tif,acacia,0.9211461544036865
s2_tree_477.tif,acacia,0.9974433183670044
s3_tree_074.tif,non_acacia,0.9995001554489136
s3_tree_060.tif,acacia,0.6800246834754944
s2_tree_463.tif,non_acacia,0.9997072815895081
s2_tree_305.tif,non_acacia,0.8201555013656616
s1_tree_655.tif,non_acacia,0.9966931343078613
s2_tree_488.tif,acacia,0.7780600786209106
s1_tree_133.tif,non_acacia,0.9932271838188171
s1_tree_127.tif,non_acacia,0.9995355606079102
s1_tree_641.tif,non_acacia,0.9998688697814941
s4_tree_048.tif,acacia,0.9786162972450256
s2_tree_649.tif,non_acacia,0.9959112405776978
s1_tree_494.tif,non_acacia,0.9552769660949707
s1_tree_480.tif,non_acacia,0.9966928958892822
s3_tree_538.tif,non_acacia,0.9999862909317017
s3_tree_276.tif,acacia,0.8311397433280945
s4_tree_074.tif,non_acacia,0.7986886501312256
s2_tree_675.tif,acacia,0.9970859885215759
s2_tree_113.tif,acacia,0.9348588585853577
s3_tree_510.tif,non_acacia,0.9994686245918274
s3_tree_504.tif,non_acacia,0.6018615365028381
s2_tree_107.tif,non_acacia,0.9223079085350037
s4_tree_060.tif,non_acacia,0.998095691204071
s2_tree_661.tif,non_acacia,0.9800957441329956
s3_tree_262.tif,acacia,0.6560599207878113
s3_tree_289.tif,acacia,0.9968884587287903
s1_tree_331.tif,non_acacia,0.9998911619186401
s1_tree_457.tif,acacia,0.9977893829345703
s1_tree_443.tif,acacia,0.9996355772018433
s1_tree_325.tif,non_acacia,0.9226780533790588
s1_tree_319.tif,non_acacia,0.9997486472129822
s1_tree_318.tif,non_acacia,0.9970369338989258
s1_tree_442.tif,non_acacia,0.9552275538444519
s1_tree_324.tif,non_acacia,0.9992786049842834
s1_tree_330.tif,non_acacia,0.9999328851699829
s3_tree_288.tif,acacia,0.5855270028114319
s1_tree_456.tif,acacia,0.9354436993598938
s2_tree_106.tif,acacia,0.8610625863075256
s3_tree_505.tif,acacia,0.5791887044906616
s3_tree_263.tif,acacia,0.6595044136047363
s2_tree_660.tif,non_acacia,0.9979041814804077
s4_tree_061.tif,acacia,0.5642639994621277
s2_tree_674.tif,non_acacia,0.8012235760688782
s4_tree_075.tif,non_acacia,0.9970633387565613
s3_tree_277.tif,acacia,0.930916428565979
s3_tree_511.tif,non_acacia,0.8665867447853088
s2_tree_112.tif,acacia,0.998953104019165
s3_tree_539.tif,non_acacia,0.9999136924743652
s1_tree_481.tif,acacia,0.9839131236076355
s2_tree_648.tif,non_acacia,0.5765425562858582
s4_tree_049.tif,acacia,0.997914731502533
s1_tree_495.tif,non_acacia,0.9883447885513306
s1_tree_126.tif,non_acacia,0.993818461894989
s1_tree_640.tif,non_acacia,0.9951897859573364
s1_tree_654.tif,non_acacia,0.9953088164329529
s1_tree_132.tif,non_acacia,0.962013304233551
s2_tree_489.tif,non_acacia,0.9994149208068848
s2_tree_462.tif,acacia,0.9658905863761902
s3_tree_061.tif,acacia,0.5744549632072449
s2_tree_304.tif,non_acacia,0.9765932559967041
s2_tree_310.tif,acacia,0.7401776909828186
s3_tree_075.tif,non_acacia,0.9948621392250061
s2_tree_476.tif,non_acacia,0.8921619653701782
s2_tree_338.tif,non_acacia,0.9986775517463684
s3_tree_049.tif,non_acacia,0.9954663515090942
s1_tree_052.tif,non_acacia,0.6581500172615051
s1_tree_046.tif,non_acacia,0.9994150400161743
s2_tree_516.tif,non_acacia,0.999810516834259
s3_tree_115.tif,acacia,0.7490620613098145
s2_tree_270.tif,non_acacia,0.9977129697799683
s2_tree_264.tif,acacia,0.9725725054740906
s3_tree_101.tif,acacia,0.9182630777359009
s2_tree_502.tif,non_acacia,0.7732858657836914
s3_tree_129.tif,non_acacia,0.9998871088027954
s1_tree_091.tif,acacia,0.9996095299720764
s2_tree_258.tif,non_acacia,0.8875788450241089
s1_tree_085.tif,non_acacia,0.999148964881897
s1_tree_278.tif,non_acacia,0.9998948574066162
s1_tree_536.tif,non_acacia,0.9987342953681946
s1_tree_250.tif,non_acacia,0.9999743700027466
s1_tree_244.tif,non_acacia,0.9982398748397827
s2_tree_099.tif,acacia,0.9951139092445374
s1_tree_522.tif,non_acacia,0.8849093317985535
s2_tree_072.tif,acacia,0.79942387342453
s3_tree_471.tif,acacia,0.9969649910926819
s3_tree_317.tif,acacia,0.9123668074607849
s4_tree_115.tif,acacia,0.9967105388641357
s2_tree_714.tif,non_acacia,0.9958892464637756
s4_tree_101.tif,non_acacia,0.6281289458274841
s2_tree_700.tif,non_acacia,0.9994500279426575
s3_tree_303.tif,non_acacia,0.989470362663269
s3_tree_465.tif,acacia,0.6794945597648621
s2_tree_066.tif,acacia,0.9998496770858765
s1_tree_293.tif,non_acacia,0.9999866485595703
s4_tree_129.tif,acacia,0.9377887845039368
s1_tree_287.tif,non_acacia,0.9999550580978394
s3_tree_459.tif,acacia,0.9934948086738586
s4_tree_166.tif,acacia,0.9997460246086121
s3_tree_364.tif,acacia,0.9956701993942261
s3_tree_402.tif,acacia,0.9908941984176636
s2_tree_001.tif,acacia,0.9501497745513916
s2_tree_015.tif,non_acacia,0.9948728680610657
s3_tree_416.tif,non_acacia,0.7368273735046387
s3_tree_370.tif,acacia,0.9218609929084778
s4_tree_172.tif,acacia,0.5460398197174072
s3_tree_358.tif,acacia,0.9773837327957153
s1_tree_586.tif,acacia,0.8088214993476868
s2_tree_029.tif,non_acacia,0.9998227953910828
s1_tree_592.tif,acacia,0.9933416247367859
s1_tree_579.tif,non_acacia,0.9870044589042664
s1_tree_223.tif,non_acacia,0.9800783395767212
s1_tree_545.tif,acacia,0.9961217045783997
s1_tree_551.tif,non_acacia,0.8035061955451965
s1_tree_237.tif,non_acacia,0.9993638396263123
s2_tree_203.tif,acacia,0.9984356760978699
s3_tree_600.tif,non_acacia,0.9995868802070618
s3_tree_166.tif,non_acacia,0.9861656427383423
s2_tree_565.tif,non_acacia,0.9994229078292847
s2_tree_571.tif,acacia,0.9929145574569702
s3_tree_172.tif,acacia,0.9889208078384399
s3_tree_614.tif,acacia,0.9023692607879639
s2_tree_217.tif,non_acacia,0.9566428661346436
s2_tree_559.tif,acacia,0.9583205580711365
s1_tree_009.tif,acacia,0.9991315007209778
s3_tree_199.tif,non_acacia,0.5090034008026123
s1_tree_021.tif,non_acacia,0.9987659454345703
s1_tree_035.tif,non_acacia,0.9331250786781311
s2_tree_377.tif,acacia,0.6428385376930237
s3_tree_012.tif,acacia,0.997559666633606
s2_tree_411.tif,non_acacia,0.9625433683395386
s2_tree_405.tif,acacia,0.9990136623382568
s3_tree_006.tif,acacia,0.9975202679634094
s2_tree_363.tif,non_acacia,0.9714115858078003
s1_tree_196.tif,non_acacia,0.9943905472755432
s1_tree_182.tif,non_acacia,0.9975740313529968
s2_tree_439.tif,non_acacia,0.9935134053230286
s1_tree_169.tif,non_acacia,0.9921205043792725
s2_tree_388.tif,non_acacia,0.9656248688697815
s1_tree_633.tif,non_acacia,0.8968715071678162
s1_tree_155.tif,non_acacia,0.9995518326759338
s1_tree_141.tif,acacia,0.9032700061798096
s1_tree_627.tif,non_acacia,0.9944539666175842
s2_tree_613.tif,acacia,0.9991461038589478
s4_tree_012.tif,non_acacia,0.9969310164451599
s3_tree_210.tif,non_acacia,0.9648548364639282
s3_tree_576.tif,non_acacia,0.9999724626541138
s2_tree_175.tif,non_acacia,0.9944287538528442
s2_tree_161.tif,non_acacia,0.9997915625572205
s3_tree_562.tif,acacia,0.9981784820556641
s3_tree_204.tif,non_acacia,0.808957040309906
s2_tree_607.tif,non_acacia,0.5155649781227112
s4_tree_006.tif,acacia,0.7872626781463623
s1_tree_394.tif,non_acacia,0.9998016953468323
s2_tree_149.tif,non_acacia,0.9993239641189575
s1_tree_380.tif,non_acacia,0.9992803931236267
s3_tree_238.tif,acacia,0.9928328990936279
s1_tree_419.tif,acacia,0.9257176518440247
s1_tree_357.tif,acacia,0.9923883080482483
s3_tree_589.tif,non_acacia,0.99413001537323
s1_tree_431.tif,acacia,0.7904888987541199
s1_tree_425.tif,non_acacia,0.9999779462814331
s1_tree_343.tif,non_acacia,0.9988352656364441
s1_tree_424.tif,acacia,0.9828692078590393
s1_tree_342.tif,non_acacia,0.9994786381721497
s1_tree_356.tif,non_acacia,0.9919766783714294
s1_tree_430.tif,acacia,0.9969443678855896
s3_tree_588.tif,acacia,0.9930075407028198
s1_tree_418.tif,non_acacia,0.9863138198852539
s3_tree_239.tif,acacia,0.9849521517753601
s1_tree_381.tif,acacia,0.7202674746513367
s1_tree_395.tif,non_acacia,0.9456413984298706
s2_tree_148.tif,non_acacia,0.9669672250747681
s3_tree_563.tif,non_acacia,0.9819584488868713
s2_tree_160.tif,non_acacia,0.8371866941452026
s4_tree_007.tif,acacia,0.9998123049736023
s2_tree_606.tif,acacia,0.9994831085205078
s3_tree_205.tif,acacia,0.9946218729019165
s3_tree_211.tif,acacia,0.8070647716522217
s4_tree_013.tif,acacia,0.9995337724685669
s2_tree_612.tif,acacia,0.9885408282279968
s2_tree_174.tif,acacia,0.9474881291389465
s3_tree_577.tif,non_acacia,0.8938660025596619
s1_tree_140.tif,non_acacia,0.9856759309768677
s1_tree_626.tif,non_acacia,0.9913579225540161
s1_tree_632.tif,non_acacia,0.9787147045135498
s2_tree_389.tif,acacia,0.5705632567405701
s1_tree_154.tif,non_acacia,0.9999334812164307
s1_tree_168.tif,non_acacia,0.7355054020881653
s2_tree_438.tif,acacia,0.7907677292823792
s1_tree_183.tif,non_acacia,0.9999963045120239
s1_tree_197.tif,non_acacia,0.9997534155845642
s3_tree_007.tif,acacia,0.94765704870224
s2_tree_404.tif,acacia,0.997557520866394
s2_tree_362.tif,non_acacia,0.9997918009757996
s2_tree_376.tif,acacia,0.7412092089653015
s2_tree_410.tif,acacia,0.971864640712738
s3_tree_013.tif,acacia,0.9073707461357117
s1_tree_034.tif,non_acacia,0.6299187541007996
s1_tree_020.tif,acacia,0.9989261031150818
s3_tree_198.tif,acacia,0.5040270686149597
s1_tree_008.tif,acacia,0.9884900450706482
s2_tree_558.tif,acacia,0.9994157552719116
s3_tree_173.tif,acacia,0.949985682964325
s2_tree_570.tif,acacia,0.5159100890159607
s2_tree_216.tif,non_acacia,0.9891770482063293
s3_tree_615.tif,non_acacia,0.9997110962867737
s3_tree_601.tif,non_acacia,0.5015773177146912
s2_tree_202.tif,non_acacia,0.9997681975364685
s2_tree_564.tif,non_acacia,0.9839280843734741
s3_tree_167.tif,acacia,0.8383408784866333
s1_tree_550.tif,non_acacia,0.9651067852973938
s1_tree_236.tif,non_acacia,0.9963502883911133
s1_tree_222.tif,non_acacia,0.9993963241577148
s1_tree_544.tif,non_acacia,0.9992303848266602
s1_tree_578.tif,non_acacia,0.6930708289146423
s1_tree_593.tif,acacia,0.7871572375297546
s2_tree_028.tif,acacia,0.9980935454368591
s3_tree_359.tif,acacia,0.9967265129089355
s1_tree_587.tif,acacia,0.7601816654205322
s3_tree_417.tif,acacia,0.9856408834457397
s2_tree_014.tif,non_acacia,0.9999697208404541
s4_tree_173.tif,non_acacia,0.9468235969543457
s3_tree_371.tif,non_acacia,0.9963700771331787
s3_tree_365.tif,acacia,0.7447220683097839
s4_tree_167.tif,acacia,0.5642147064208984
s2_tree_000.tif,acacia,0.9343172907829285
s3_tree_403.tif,non_acacia,0.5825388431549072
s3_tree_373.tif,non_acacia,0.9571899771690369
s4_tree_171.tif,non_acacia,0.9995279312133789
s2_tree_016.tif,acacia,0.9970905780792236
s3_tree_415.tif,acacia,0.9982428550720215
s3_tree_401.tif,acacia,0.9975270628929138
s2_tree_002.tif,non_acacia,0.9931650757789612
s4_tree_165.tif,non_acacia,0.8989474177360535
s3_tree_367.tif,acacia,0.9824737906455994
s3_tree_429.tif,acacia,0.6418457627296448
s1_tree_591.tif,acacia,0.9599205851554871
s1_tree_585.tif,non_acacia,0.520623505115509
s4_tree_159.tif,acacia,0.9852241277694702
s1_tree_208.tif,non_acacia,0.9992501139640808
s1_tree_234.tif,non_acacia,0.5953193306922913
s1_tree_552.tif,non_acacia,0.9999830722808838
s1_tree_546.tif,non_acacia,0.9435051679611206
s1_tree_220.tif,non_acacia,0.584381639957428
s3_tree_398.tif,non_acacia,0.9740139245986938
s3_tree_617.tif,acacia,0.9650856256484985
s2_tree_214.tif,acacia,0.9956597685813904
s2_tree_572.tif,non_acacia,0.9996578693389893
s3_tree_171.tif,acacia,0.9926350712776184
s3_tree_165.tif,acacia,0.6879405975341797
s2_tree_566.tif,non_acacia,0.9459832906723022
s2_tree_200.tif,non_acacia,0.9348023533821106
s3_tree_603.tif,non_acacia,0.9934813976287842
s2_tree_228.tif,acacia,0.9999436140060425
s3_tree_159.tif,acacia,0.9925186634063721
s1_tree_036.tif,non_acacia,0.9999628067016602
s2_tree_599.tif,acacia,0.7068068385124207
s1_tree_022.tif,non_acacia,0.9999653100967407
s2_tree_360.tif,non_acacia,0.9998898506164551
s2_tree_406.tif,non_acacia,0.9866059422492981
s3_tree_005.tif,acacia,0.9569213390350342
s3_tree_011.tif,non_acacia,0.5332592129707336
s2_tree_412.tif,acacia,0.9802325963973999
s2_tree_374.tif,non_acacia,0.999913215637207
s3_tree_039.tif,acacia,0.8988388776779175
s1_tree_181.tif,non_acacia,0.9999747276306152
s1_tree_195.tif,non_acacia,0.9981611371040344
s2_tree_348.tif,non_acacia,0.5812404751777649
s1_tree_618.tif,acacia,0.9978047013282776
s1_tree_624.tif,non_acacia,0.9923762679100037
s1_tree_142.tif,non_acacia,0.9879674315452576
s1_tree_156.tif,non_acacia,0.9999889135360718
s1_tree_630.tif,non_acacia,0.9999338388442993
s3_tree_207.tif,non_acacia,0.9912881255149841
s2_tree_604.tif,acacia,0.9996176958084106
s4_tree_005.tif,acacia,0.9975243210792542
s2_tree_162.tif,non_acacia,0.9997449517250061
s3_tree_561.tif,non_acacia,0.9994043111801147
s3_tree_575.tif,non_acacia,0.9299169778823853
s2_tree_176.tif,acacia,0.9559107422828674
s2_tree_610.tif,acacia,0.5024056434631348
s4_tree_011.tif,acacia,0.9999150037765503
s3_tree_213.tif,acacia,0.7758485078811646
s2_tree_638.tif,non_acacia,0.9313035607337952
s4_tree_039.tif,acacia,0.9998592138290405
s1_tree_383.tif,non_acacia,0.9901324510574341
s3_tree_549.tif,non_acacia,0.8670246005058289
s1_tree_397.tif,acacia,0.9997215867042542
s1_tree_368.tif,acacia,0.9659113883972168
s1_tree_340.tif,non_acacia,0.9996200799942017
s1_tree_426.tif,non_acacia,0.999305009841919
s1_tree_432.tif,non_acacia,0.9998212456703186
s2_tree_189.tif,non_acacia,0.8438109159469604
s1_tree_354.tif,acacia,0.9988603591918945
s2_tree_188.tif,non_acacia,0.9974873065948486
s1_tree_433.tif,non_acacia,0.9570481181144714
s1_tree_355.tif,non_acacia,0.9731940031051636
s1_tree_341.tif,non_acacia,0.9997138381004333
s1_tree_427.tif,non_acacia,0.9999687671661377
s1_tree_369.tif,acacia,0.6524770855903625
s3_tree_548.tif,acacia,0.9993990659713745
s1_tree_396.tif,non_acacia,0.9932729005813599
s1_tree_382.tif,non_acacia,0.9966000914573669
s4_tree_038.tif,acacia,0.999811589717865
s2_tree_639.tif,acacia,0.9443535804748535
s2_tree_177.tif,non_acacia,0.9921680092811584
s3_tree_574.tif,non_acacia,0.9996629953384399
s3_tree_212.tif,acacia,0.9967064261436462
s4_tree_010.tif,non_acacia,0.6507609486579895
s2_tree_611.tif,acacia,0.9989367127418518
s4_tree_004.tif,non_acacia,0.8024763464927673
s2_tree_605.tif,non_acacia,0.7113396525382996
s3_tree_206.tif,non_acacia,0.9999732971191406
s3_tree_560.tif,acacia,0.6074014902114868
s2_tree_163.tif,non_acacia,0.9996415376663208
s1_tree_157.tif,non_acacia,0.999963641166687
s1_tree_631.tif,non_acacia,0.989840567111969
s1_tree_625.tif,non_acacia,0.9898668527603149
s1_tree_143.tif,non_acacia,0.999045193195343
s1_tree_619.tif,acacia,0.9749546051025391
s1_tree_194.tif,non_acacia,0.9896417260169983
s2_tree_349.tif,non_acacia,0.9991004467010498
s1_tree_180.tif,acacia,0.9776926636695862
s3_tree_038.tif,non_acacia,0.9986282587051392
s2_tree_413.tif,non_acacia,0.5946248769760132
s3_tree_010.tif,acacia,0.9909239411354065
s2_tree_375.tif,non_acacia,0.867712676525116
s2_tree_361.tif,non_acacia,0.845979630947113
s3_tree_004.tif,non_acacia,0.9985456466674805
s2_tree_407.tif,non_acacia,0.9141824841499329
s1_tree_023.tif,non_acacia,0.8608818054199219
s2_tree_598.tif,acacia,0.9999604225158691
s1_tree_037.tif,non_acacia,0.9944843649864197
s3_tree_158.tif,non_acacia,0.9987131357192993
s2_tree_229.tif,non_acacia,0.9957860112190247
s2_tree_567.tif,non_acacia,0.9989370703697205
s3_tree_164.tif,acacia,0.9698683619499207
s3_tree_602.tif,non_acacia,0.9999699592590332
s2_tree_201.tif,acacia,0.9991450309753418
s2_tree_215.tif,acacia,0.9636167883872986
s3_tree_616.tif,acacia,0.608791172504425
s3_tree_170.tif,acacia,0.726382851600647
s2_tree_573.tif,acacia,0.9428550601005554
s1_tree_547.tif,non_acacia,0.9999593496322632
s3_tree_399.tif,acacia,0.9043428301811218
s1_tree_221.tif,non_acacia,0.8878093957901001
s1_tree_235.tif,non_acacia,0.9913546442985535
s1_tree_553.tif,non_acacia,0.9996988773345947
s1_tree_209.tif,non_acacia,0.9226167798042297
s1_tree_584.tif,acacia,0.9959385395050049
s4_tree_158.tif,non_acacia,0.9633418321609497
s1_tree_590.tif,acacia,0.9969450831413269
s3_tree_428.tif,acacia,0.9818331003189087
s2_tree_003.tif,acacia,0.9988166093826294
s3_tree_400.tif,acacia,0.9748517274856567
s3_tree_366.tif,acacia,0.9979745745658875
s4_tree_164.tif,acacia,0.9813508987426758
s4_tree_170.tif,acacia,0.9993347525596619
s3_tree_372.tif,acacia,0.7173395752906799
s3_tree_414.tif,acacia,0.928063690662384
s2_tree_017.tif,acacia,0.99481600522995
s1_tree_594.tif,acacia,0.9987562894821167
s4_tree_148.tif,non_acacia,0.9440650343894958
s1_tree_580.tif,non_acacia,0.9956108927726746
s3_tree_438.tif,non_acacia,0.9640841484069824
s2_tree_013.tif,non_acacia,0.9995394945144653
s3_tree_410.tif,acacia,0.9956539869308472
s3_tree_376.tif,acacia,0.984713613986969
s4_tree_174.tif,non_acacia,0.583903431892395
s4_tree_160.tif,acacia,0.5589737892150879
s3_tree_362.tif,non_acacia,0.9531290531158447
s3_tree_404.tif,acacia,0.6965913772583008
s2_tree_007.tif,acacia,0.9929662942886353
s1_tree_557.tif,non_acacia,0.9996187686920166
s3_tree_389.tif,acacia,0.9973861575126648
s1_tree_231.tif,non_acacia,0.8151042461395264
s1_tree_225.tif,non_acacia,0.9999091625213623
s1_tree_543.tif,non_acacia,0.9971649050712585
s1_tree_219.tif,non_acacia,0.9974163770675659
s3_tree_148.tif,acacia,0.9742814302444458
s2_tree_239.tif,non_acacia,0.9982224106788635
s2_tree_577.tif,non_acacia,0.9978284239768982
s3_tree_174.tif,acacia,0.9823287129402161
s3_tree_612.tif,acacia,0.5818750858306885
s2_tree_211.tif,acacia,0.9203409552574158
s2_tree_205.tif,acacia,0.8961811661720276
s3_tree_606.tif,acacia,0.9993513226509094
s3_tree_160.tif,non_acacia,0.6377028226852417
s2_tree_563.tif,non_acacia,0.9944731593132019
s1_tree_033.tif,acacia,0.9945911765098572
s2_tree_588.tif,non_acacia,0.9534764885902405
s1_tree_027.tif,non_acacia,0.7823575139045715
s1_tree_184.tif,acacia,0.9899635910987854
s2_tree_359.tif,non_acacia,0.9997873902320862
s1_tree_190.tif,non_acacia,0.9998416900634766
s3_tree_028.tif,acacia,0.9713520407676697
s2_tree_403.tif,non_acacia,0.9014671444892883
s3_tree_000.tif,acacia,0.9998598098754883
s2_tree_365.tif,non_acacia,0.9990088939666748
s2_tree_371.tif,non_acacia,0.9999889135360718
s3_tree_014.tif,acacia,0.9922063946723938
s2_tree_417.tif,non_acacia,0.8309998512268066
s1_tree_147.tif,non_acacia,0.9998921155929565
s1_tree_621.tif,non_acacia,0.9921841025352478
s1_tree_635.tif,non_acacia,0.9989631175994873
s1_tree_153.tif,non_acacia,0.99994957447052
s1_tree_609.tif,non_acacia,0.9848278760910034
s3_tree_558.tif,acacia,0.6076761484146118
s1_tree_386.tif,non_acacia,0.9836549162864685
s1_tree_392.tif,acacia,0.9615961313247681
s4_tree_028.tif,acacia,0.9998761415481567
s2_tree_629.tif,non_acacia,0.9632344245910645
s2_tree_167.tif,non_acacia,0.9998810291290283
s3_tree_564.tif,non_acacia,0.828315019607544
s3_tree_202.tif,acacia,0.9082382321357727
s4_tree_000.tif,acacia,0.5631546974182129
s2_tree_601.tif,acacia,0.9991050362586975
s4_tree_014.tif,acacia,0.9899635910987854
s2_tree_615.tif,acacia,0.992485761642456
s3_tree_216.tif,acacia,0.6537832617759705
s3_tree_570.tif,non_acacia,0.9990246295928955
s2_tree_173.tif,non_acacia,0.9993290901184082
s2_tree_198.tif,non_acacia,0.9994515776634216
s1_tree_423.tif,non_acacia,0.9856328964233398
s1_tree_345.tif,non_acacia,0.9994432330131531
s1_tree_351.tif,non_acacia,0.9999732971191406
s1_tree_437.tif,acacia,0.9679166078567505
s1_tree_379.tif,non_acacia,0.9967939257621765
s1_tree_378.tif,non_acacia,0.9505442380905151
s1_tree_350.tif,acacia,0.9657388925552368
s1_tree_436.tif,non_acacia,0.9999567270278931
s1_tree_422.tif,non_acacia,0.9939354062080383
s2_tree_199.tif,acacia,0.6795125007629395
s1_tree_344.tif,non_acacia,0.9911924004554749
s3_tree_217.tif,non_acacia,0.9305729269981384
s2_tree_614.tif,acacia,0.6551122665405273
s4_tree_015.tif,acacia,0.9999121427536011
s2_tree_172.tif,non_acacia,0.9442608952522278
s3_tree_571.tif,acacia,0.9943349957466125
s3_tree_565.tif,acacia,0.537250280380249
s2_tree_166.tif,non_acacia,0.9757493734359741
s2_tree_600.tif,non_acacia,0.9998825788497925
s4_tree_001.tif,acacia,0.9997077584266663
s3_tree_203.tif,acacia,0.6949765086174011
s2_tree_628.tif,non_acacia,0.9978094696998596
s4_tree_029.tif,acacia,0.7612023949623108
s1_tree_393.tif,non_acacia,0.9413760900497437
s3_tree_559.tif,non_acacia,0.9986951947212219
s1_tree_387.tif,acacia,0.9998170733451843
s1_tree_608.tif,acacia,0.9999513626098633
s1_tree_634.tif,non_acacia,0.9998939037322998
s1_tree_152.tif,non_acacia,0.991033136844635
s1_tree_146.tif,non_acacia,0.9997701048851013
s1_tree_620.tif,non_acacia,0.9676100015640259
s2_tree_370.tif,non_acacia,0.9906760454177856
s2_tree_416.tif,non_acacia,0.9762030839920044
s3_tree_015.tif,acacia,0.9716370701789856
s3_tree_001.tif,non_acacia,0.8250489830970764
s2_tree_402.tif,acacia,0.9294571280479431
s2_tree_364.tif,non_acacia,0.9996829032897949
s3_tree_029.tif,non_acacia,0.6143352389335632
s1_tree_191.tif,non_acacia,0.9998094439506531
s1_tree_185.tif,non_acacia,0.9989286065101624
s2_tree_358.tif,non_acacia,0.529451847076416
s1_tree_026.tif,non_acacia,0.9927530288696289
s2_tree_589.tif,non_acacia,0.9094243049621582
s1_tree_032.tif,acacia,0.9998041987419128
s3_tree_607.tif,non_acacia,0.9999632835388184
s2_tree_204.tif,non_acacia,0.999187171459198
s2_tree_562.tif,non_acacia,0.6449674367904663
s3_tree_161.tif,acacia,0.9994301199913025
s3_tree_175.tif,acacia,0.9879492521286011
s2_tree_576.tif,non_acacia,0.9998877048492432
s2_tree_210.tif,non_acacia,0.9997416138648987
s3_tree_613.tif,acacia,0.9986006617546082
s2_tree_238.tif,non_acacia,0.9999090433120728
s3_tree_149.tif,acacia,0.9721947908401489
s1_tree_218.tif,acacia,0.9863073229789734
s1_tree_224.tif,non_acacia,0.999715268611908
s1_tree_542.tif,non_acacia,0.865664005279541
s1_tree_556.tif,non_acacia,0.9975590705871582
s1_tree_230.tif,non_acacia,0.9542253017425537
s3_tree_388.tif,acacia,0.967043936252594
s3_tree_363.tif,non_acacia,0.9994308352470398
s4_tree_161.tif,non_acacia,0.9961420893669128
s2_tree_006.tif,acacia,0.9934839606285095
s3_tree_405.tif,acacia,0.9391573667526245
s3_tree_411.tif,non_acacia,0.7041411399841309
s2_tree_012.tif,acacia,0.9968830943107605
s4_tree_175.tif,acacia,0.9110643863677979
s3_tree_377.tif,non_acacia,0.9981666803359985
s3_tree_439.tif,acacia,0.7547412514686584
s1_tree_581.tif,non_acacia,0.9999868869781494
s1_tree_595.tif,non_acacia,0.6476485133171082
s4_tree_149.tif,non_acacia,0.9990535378456116
s1_tree_583.tif,non_acacia,0.8636986017227173
s2_tree_038.tif,non_acacia,0.9999595880508423
s3_tree_349.tif,non_acacia,0.7242372035980225
s1_tree_597.tif,acacia,0.9953815937042236
s3_tree_407.tif,acacia,0.999359667301178
s2_tree_004.tif,non_acacia,0.9989908337593079
s4_tree_163.tif,non_acacia,0.998516857624054
s3_tree_361.tif,acacia,0.9869951605796814
s3_tree_375.tif,non_acacia,0.9476196765899658
s4_tree_177.tif,non_acacia,0.5895647406578064
s2_tree_010.tif,non_acacia,0.9961953163146973
s3_tree_413.tif,acacia,0.992311418056488
s1_tree_540.tif,non_acacia,0.9998458623886108
s1_tree_226.tif,non_acacia,0.7956494092941284
s1_tree_232.tif,non_acacia,0.9827919602394104
s1_tree_554.tif,non_acacia,0.9998304843902588
s1_tree_568.tif,non_acacia,0.9998421669006348
s2_tree_548.tif,non_acacia,0.9856472015380859
s3_tree_163.tif,acacia,0.8043577671051025
s2_tree_560.tif,non_acacia,0.996953010559082
s2_tree_206.tif,non_acacia,0.7024198174476624
s3_tree_605.tif,acacia,0.9980618357658386
s3_tree_611.tif,non_acacia,0.9974004030227661
s2_tree_212.tif,acacia,0.9876788258552551
s2_tree_574.tif,acacia,0.9977370500564575
s3_tree_177.tif,acacia,0.9975181818008423
s1_tree_024.tif,non_acacia,0.9998261332511902
s1_tree_030.tif,acacia,0.7664191126823425
s3_tree_188.tif,acacia,0.8434737324714661
s1_tree_018.tif,non_acacia,0.5026528835296631
s2_tree_428.tif,non_acacia,0.9999514818191528
s1_tree_193.tif,non_acacia,0.9999722242355347
s1_tree_187.tif,non_acacia,0.9999784231185913
s3_tree_017.tif,acacia,0.9997695088386536
s2_tree_414.tif,acacia,0.9829097390174866
s2_tree_372.tif,acacia,0.9820265173912048
s2_tree_366.tif,non_acacia,0.9999649524688721
s2_tree_400.tif,acacia,0.7070018649101257
s3_tree_003.tif,acacia,0.9806952476501465
s1_tree_150.tif,non_acacia,0.9931683540344238
s1_tree_636.tif,non_acacia,0.9999390840530396
s1_tree_622.tif,non_acacia,0.9527423977851868
s2_tree_399.tif,acacia,0.9998416900634766
s1_tree_144.tif,non_acacia,0.9997313618659973
s1_tree_178.tif,non_acacia,0.9999667406082153
s3_tree_229.tif,non_acacia,0.5619382858276367
s1_tree_391.tif,non_acacia,0.9999580383300781
s1_tree_385.tif,non_acacia,0.977677047252655
s2_tree_158.tif,acacia,0.9081935882568359
s3_tree_573.tif,acacia,0.9992398023605347
s2_tree_170.tif,non_acacia,0.9951973557472229
s4_tree_017.tif,acacia,0.9999573230743408
s2_tree_616.tif,non_acacia,0.6887214779853821
s3_tree_215.tif,acacia,0.9922522902488708
s3_tree_201.tif,acacia,0.9937459230422974
s4_tree_003.tif,acacia,0.9466024041175842
s2_tree_602.tif,acacia,0.9854195713996887
s2_tree_164.tif,non_acacia,0.998110294342041
s3_tree_567.tif,acacia,0.5961127877235413
s1_tree_434.tif,non_acacia,0.9999854564666748
s1_tree_352.tif,non_acacia,0.999658465385437
s1_tree_346.tif,non_acacia,0.9878355860710144
s1_tree_420.tif,acacia,0.994146466255188
s3_tree_598.tif,non_acacia,0.9974815249443054
s1_tree_408.tif,non_acacia,0.9950439929962158
s1_tree_409.tif,non_acacia,0.9976054430007935
s1_tree_347.tif,non_acacia,0.997442364692688
s3_tree_599.tif,acacia,0.6067681312561035
s1_tree_421.tif,non_acacia,0.9855962991714478
s1_tree_435.tif,acacia,0.9995467066764832
s1_tree_353.tif,non_acacia,0.9975587129592896
s2_tree_603.tif,acacia,0.9997578263282776
s4_tree_002.tif,acacia,0.9999885559082031
s3_tree_200.tif,non_acacia,0.8057900667190552
s3_tree_566.tif,non_acacia,0.8339628577232361
s2_tree_165.tif,non_acacia,0.997560977935791
s2_tree_171.tif,non_acacia,0.6215770840644836
s3_tree_572.tif,non_acacia,0.9933358430862427
s3_tree_214.tif,non_acacia,0.9426149129867554
s2_tree_617.tif,non_acacia,0.9767057299613953
s4_tree_016.tif,non_acacia,0.502537190914154
s1_tree_384.tif,non_acacia,0.9972151517868042
s2_tree_159.tif,acacia,0.9713693857192993
s1_tree_390.tif,acacia,0.9527921676635742
s3_tree_228.tif,acacia,0.9945409893989563
s1_tree_179.tif,non_acacia,0.9999828338623047
s2_tree_398.tif,acacia,0.5962721109390259
s1_tree_623.tif,non_acacia,0.9999752044677734
s1_tree_145.tif,non_acacia,0.9990488886833191
s1_tree_151.tif,non_acacia,0.9996138215065002
s1_tree_637.tif,non_acacia,0.9996625185012817
s2_tree_367.tif,non_acacia,0.9996267557144165
s3_tree_002.tif,acacia,0.9890801310539246
s2_tree_401.tif,acacia,0.9766132831573486
s2_tree_415.tif,acacia,0.9931409955024719
s3_tree_016.tif,non_acacia,0.9999622106552124
s2_tree_373.tif,acacia,0.9938329458236694
s1_tree_186.tif,non_acacia,0.990105926990509
s1_tree_192.tif,non_acacia,0.999863862991333
s2_tree_429.tif,non_acacia,0.9995249509811401
s1_tree_019.tif,non_acacia,0.9959828853607178
s3_tree_189.tif,non_acacia,0.9920877814292908
s1_tree_031.tif,non_acacia,0.9996362924575806
s1_tree_025.tif,acacia,0.9580233693122864
s2_tree_213.tif,non_acacia,0.990619421005249
s3_tree_610.tif,non_acacia,0.9974320530891418
s3_tree_176.tif,acacia,0.6287856101989746
s2_tree_575.tif,non_acacia,0.9983053207397461
s2_tree_561.tif,non_acacia,0.8646474480628967
s3_tree_162.tif,acacia,0.9464411735534668
s3_tree_604.tif,acacia,0.9520622491836548
s2_tree_207.tif,acacia,0.9936561584472656
s2_tree_549.tif,acacia,0.9232993125915527
s1_tree_569.tif,non_acacia,0.9999303817749023
s1_tree_233.tif,non_acacia,0.9998792409896851
s1_tree_555.tif,non_acacia,0.9994731545448303
s1_tree_541.tif,non_acacia,0.9981955885887146
s1_tree_227.tif,acacia,0.8936261534690857
s4_tree_176.tif,non_acacia,0.5033167004585266
s3_tree_374.tif,acacia,0.9993435740470886
s3_tree_412.tif,acacia,0.6955056190490723
s2_tree_011.tif,non_acacia,0.9756219387054443
s2_tree_005.tif,non_acacia,0.9999278783798218
s3_tree_406.tif,acacia,0.999735414981842
s3_tree_360.tif,non_acacia,0.9993652701377869
s4_tree_162.tif,non_acacia,0.8697469234466553
s3_tree_348.tif,acacia,0.9061722755432129
s1_tree_596.tif,acacia,0.9452832341194153
s2_tree_039.tif,acacia,0.9988910555839539
s1_tree_582.tif,non_acacia,0.9964134097099304
